FREQUENCIES VARIABLES=ageadjustedpercent2004diabetes,,,,,,,,,,,,,,,,,,,,,,,,,,,,,,,,,,,,,,,,,,,,,,,,,,,,,,,,,,,,,
    ageadjustedpercentleisuretimephysicalinactivityprevalence2004 ageadjustedpercentobesity2004,,,,,,,,,,,,,,,,,,,,,,,,,,,,,,,,,,,,,,,,,,,,,,,,,,,,,,,,,,,,,
    AGE030200D AGE040200D AGE050200D averagesmoke1996to2000 AvgDailyMaxAirTemperatureF,,,,,,,,,,,,,,,,,,,,,,,,,,,,,,,,,,,,,,,,,,,,,,,,,,,,,,,,,,,,,
    AvgDailyMaxHeatIndexF AvgDailyMinAirTemperatureF AvgDailyPrecipitationmm,,,,,,,,,,,,,,,,,,,,,,,,,,,,,,,,,,,,,,,,,,,,,,,,,,,,,,,,,,,,,
    AvgDayLandSurfaceTemperatureF AvgFineParticulateMatterµgm b_1996 b_1997 b_1998 b_1999 b_2000,,,,,,,,,,,,,,,,,,,,,,,,,,,,,,,,,,,,,,,,,,,,,,,,,,,,,,,,,,,,,
    BNK010200D CLF040200D CRM110200D EDU635200D FFRPTH07 FSRPTH07 HEA010200D HEA070200D HHNV1MI,,,,,,,,,,,,,,,,,,,,,,,,,,,,,,,,,,,,,,,,,,,,,,,,,,,,,,,,,,,,,
    HSD150200D HSD170200D HSG455200D HSG460200D HSG495200D HSG680200D HSG695200D HSG700200D INC910199D,,,,,,,,,,,,,,,,,,,,,,,,,,,,,,,,,,,,,,,,,,,,,,,,,,,,,,,,,,,,,
    IPE010200D IPE120200D LND110200D number2004diabetes,,,,,,,,,,,,,,,,,,,,,,,,,,,,,,,,,,,,,,,,,,,,,,,,,,,,,,,,,,,,,
    numberleisuretimephysicalinactivityprevalence2004 numberobesityprevalence2004 percent2004diabetes,,,,,,,,,,,,,,,,,,,,,,,,,,,,,,,,,,,,,,,,,,,,,,,,,,,,,,,,,,,,,
    percentleisuretimephysicalinactivityprevalence2004 percentobesity2004 PH_FATS PH_FRUVEG PH_MEAT,,,,,,,,,,,,,,,,,,,,,,,,,,,,,,,,,,,,,,,,,,,,,,,,,,,,,,,,,,,,,
    PH_PREPFOOD PH_SNACKS PH_SODA PIN020200D POP060200D POP110200D POP150200D POP160200D POP220200D,,,,,,,,,,,,,,,,,,,,,,,,,,,,,,,,,,,,,,,,,,,,,,,,,,,,,,,,,,,,,
    POP250200D SPR010200D SPR410200D,,,,,,,,,,,,,,,,,,,,,,,,,,,,,,,,,,,,,,,,,,,,,,,,,,,,,,,,,,,,,
  /FORMAT=NOTABLE,,,,,,,,,,,,,,,,,,,,,,,,,,,,,,,,,,,,,,,,,,,,,,,,,,,,,,,,,,,,,
  /PERCENTILES=20.0 80.0,,,,,,,,,,,,,,,,,,,,,,,,,,,,,,,,,,,,,,,,,,,,,,,,,,,,,,,,,,,,,
  /STATISTICS=STDDEV RANGE MINIMUM MAXIMUM MEAN MEDIAN MODE,,,,,,,,,,,,,,,,,,,,,,,,,,,,,,,,,,,,,,,,,,,,,,,,,,,,,,,,,,,,,
  /ORDER=ANALYSIS.,,,,,,,,,,,,,,,,,,,,,,,,,,,,,,,,,,,,,,,,,,,,,,,,,,,,,,,,,,,,,
,,,,,,,,,,,,,,,,,,,,,,,,,,,,,,,,,,,,,,,,,,,,,,,,,,,,,,,,,,,,,
,,,,,,,,,,,,,,,,,,,,,,,,,,,,,,,,,,,,,,,,,,,,,,,,,,,,,,,,,,,,,
Frequencies,,,,,,,,,,,,,,,,,,,,,,,,,,,,,,,,,,,,,,,,,,,,,,,,,,,,,,,,,,,,,
,,,,,,,,,,,,,,,,,,,,,,,,,,,,,,,,,,,,,,,,,,,,,,,,,,,,,,,,,,,,,
Statistics,,,,,,,,,,,,,,,,,,,,,,,,,,,,,,,,,,,,,,,,,,,,,,,,,,,,,,,,,,,,,
,,ageadjustedpercent2004diabetes age-adjusted percent2004diabetes,ageadjustedpercentleisuretimephysicalinactivityprevalence2004 age-adjusted percent leisure time physical inactivity prevalence 2004,ageadjustedpercentobesity2004 age-adjusted percent obesity 2004,AGE030200D Resident population total (April 1 - estimates base) 2000,AGE040200D Resident population total (July 1 - estimate) 2000,AGE050200D Resident population: Median age (April 1 - complete count) 2000,averagesmoke1996to2000 average smoking from 96 to 2000,AvgDailyMaxAirTemperatureF average from 2000-2009,AvgDailyMaxHeatIndexF average from 2000-2009,AvgDailyMinAirTemperatureF average from 2000-2009,AvgDailyPrecipitationmm average from 2000-2009,AvgDayLandSurfaceTemperatureF average from 2000-2009,AvgFineParticulateMatterµgm average from 2000-2009,b_1996 smoking for 1996,b_1997 smoking in 1997,b_1998 smoking prevalance in 98,b_1999 smoking in 99,b_2000 smoking in 2000 from brfss survey,BNK010200D Commercial banks and savings institutions (FDIC-insured) - number of offices (June 30) 2000,CLF040200D Civilian labor force unemployment rate 2000,CRM110200D Number of violent crimes known to police 2000,EDU635200D Educational attainment - persons 25 years and over - percent high school graduate or higher 2000,"FFRPTH07 Fast-food restaurants/1,000 pop, 2007","FSRPTH07 Full-service restaurants/1,000 pop, 2007","HEA010200D Hospital insurance and/or supplemental medical insurance (Medicare) - total persons enrolled July 1, 2000","HEA070200D Supplemental medical insurance (Medicare) - total persons enrolled July 1, 2000",HHNV1MI household without a car and greater than 1 mile drive to grocerty,"HSD150200D Family households - male householder, no wife present 2000 (complete count)","HSD170200D Family households - female householder, no husband present 2000 (complete count)",HSG455200D Owner-occupied housing units with a householder who is Black or African American alone 2000 (complete count),HSG460200D Owner-occupied housing units with Hispanic or Latino householder 2000 (complete count),HSG495200D Median value of specified owner-occupied housing units 2000 (sample),HSG680200D Renter-occupied housing units 2000 (complete count),HSG695200D Renter-occupied housing units with a householder who is Black or African American alone 2000 (complete count),HSG700200D Renter-occupied housing units with Hispanic or Latino householder 2000 (complete count),INC910199D Per capita income in 1999,IPE010200D Median household income 2000,IPE120200D People of all ages in poverty - percent 2000,LND110200D Land area in square miles 2000,number2004diabetes number of people with diabetes in the county 2004,numberleisuretimephysicalinactivityprevalence2004 number leisure time physical inactivity prevalence 2004,numberobesityprevalence2004 number obesity prevalence 2004,percent2004diabetes percent diabetes in the county 2004,percentleisuretimephysicalinactivityprevalence2004 percent leisure time physical inactivity prevalence 2004,percentobesity2004 percent obesity 2004,"PH_FATS Pounds of solid fats purchased per household of the region during the year. Solid fats include, for example, butter and margarine",PH_FRUVEG pounds per household fruit veg 2006 regional levels of consumption from usda atlas data,PH_MEAT pounds of meat,"PH_PREPFOOD Pounds of prepared foods purchased per household of the region during the year. Prepared foods include, for example, ice cream and frozen desserts; packaged sweets/baked goods; ready-to-eat bakery items; frozen entrees and sides; canned soups, sauces and","PH_SNACKS Pounds of packaged sweet snacks purchased per household of the region during the year. Packaged sweet snacks include, for example, cookies and candy bars.","PH_SODA Gallons of soft drinks purchased per household of the region during the year. Soft drinks include sodas (diet and caloric-sweetened carbonated beverages), fruit drinks (less than 100% fruit juice), poweraids, and other drinks other than water",PIN020200D Per capita personal income 2000,POP060200D Population per square mile 2000,POP110200D Urban population 2000 (sample),POP150200D Male population 2000 (complete count),POP160200D Female population 2000 (complete count),POP220200D Population of one race - White alone 2000 (complete count),POP250200D Population of one race - Black or African American alone 2000 (complete count),SPR010200D Social security - benefit recipients (Dec.) 2000,SPR410200D Supplemental security income recipients (Dec.) 2000
N,Valid,3137,3137,3137,3140,3140,3140,3107,3107,3099,3107,3107,3107,3107,3107,3107,3107,3107,3107,3141,3139,3141,3140,3136,3136,3136,3136,3108,3141,3141,3141,3141,3138,3141,3141,3141,3140,3138,3138,3140,3137,3137,3137,3137,3137,3137,3108,3108,3108,3108,3108,3108,3109,3138,3141,3140,3140,3141,3141,3141,3141
,Missing,4,4,4,1,1,1,34,34,42,34,34,34,34,34,34,34,34,34,0,2,0,1,5,5,5,5,33,0,0,0,0,3,0,0,0,1,3,3,1,4,4,4,4,4,4,33,33,33,33,33,33,32,3,0,1,1,0,0,0,0
Mean,,7.5638,25.2766,25.1973,89619.96,89857.98,37.345,26.7192,65.0377,89.69,47.0896,2.6842,73.4738,11.9516,26.737,26.707,26.642,26.778,26.732,27.01,4.358,411.33,77.376,.59168726570775,.80560835530684,12352.12,11762.73,772.13,1398.88,4106.89,1775.78,1341.14,84658.99,11353.90,2062.19,1594.99,17512.96,36372.61,13.302,1126.38938,5063.1313,15597.2497,15663.1260,8.2679,25.9316,25.2795,18.65,172.79,70.39,295.89,114.11,66.82,23115.78,243.731,70789.69,43963.88,45656.28,67318.21,11034.08,14107.48,2099.38
Median,,7.5000,24.9000,25.3000,24636.00,24707.50,37.400,26.7800,64.6000,89.87,46.8500,2.8800,72.6900,11.9300,26.800,26.800,26.700,26.900,26.800,11.00,4.100,38.00,79.200,.59241671556745,.68571074504047,4046.50,3895.50,384.50,369.00,1007.00,69.00,59.00,75900.00,2233.00,64.00,59.00,16945.50,34769.50,12.300,616.51000,1583.0000,4976.0000,4811.0000,8.2000,25.8000,25.4000,18.00,171.00,69.00,298.00,117.00,66.00,22266.00,42.650,8620.00,12196.00,12408.00,20884.00,587.00,4775.00,586.00
Mode,,6.50,24.80,24.70,21802,2141a,36.9,26.70,54.55,93,41.17a,3.29,71.33,10.71,28.4,26.5,26.5,25.5,25.4,3,3.6,0,81.2,0.000000000000,0.000000000000,1284a,527a,36,104,240,0,8,55600a,689,0,3,15728,29295a,11.9,2.490a,214.00a,11510.00a,1095.00a,7.90,26.20,26.20,16,169,69,298,100,64,17400a,1.9a,0,11326,1112a,1522a,0,5152,97
Std. Deviation,,1.47717,5.14972,3.29274,292494.578,293257.214,4.0134,3.44856,8.89156,3.236,7.73803,.92184,8.12086,1.87816,3.3960,3.4559,3.4347,3.4876,3.5590,62.957,1.6901,2564.674,8.7546,.317509262710243,.590163209608393,35048.780,33147.087,1334.805,5239.128,15034.010,8111.900,10390.289,47715.205,47597.592,11196.366,14480.237,3943.506,9006.045,5.5900,3623.016561,14467.72169,46374.70217,45190.32767,1.60109,5.23779,3.24589,2.290,19.255,12.694,18.610,9.543,7.501,5842.238,1666.8593,288412.585,143501.238,149057.717,178227.045,53355.834,37970.621,9393.323
Range,,12.00,31.90,25.60,9519264,9542514,38.6,26.18,48.42,17,48.84,6.77,63.78,7.64,25.4,25.1,25.9,26.9,27.7,1507,16.1,89986,62.3,6.968641114983,13.937282229965,987297,936846,19530,186258,459392,200213,381124,986201,1634030,276380,630845,39749,75979,40.5,145897.700,389596.00,1360988.37,1340989.78,11.60,33.20,25.70,11,109,89,118,45,40,78280,66834.5,9451949,4704069,4815202,4637062,1405361,999598,359866
Minimum,,4.00,9.90,12.30,67,64,20.0,11.62,38.94,79,22.33,.21,45.58,7.69,12.2,12.2,11.8,11.3,10.6,0,1.3,0,34.7,0.000000000000,0.000000000000,12,12,0,0,0,0,0,13800,0,0,0,5213,15231,1.7,1.990,4.00,11.63,10.22,3.00,9.20,12.30,13,143,31,229,93,49,7490,.1,0,36,31,0,0,0,0
Maximum,,16.00,41.80,37.90,9519331,9542578,58.6,37.80,87.36,96,71.17,6.98,109.36,15.33,37.6,37.3,37.7,38.2,38.3,1507,17.4,89986,97.0,6.968641114983,13.937282229965,987309,936858,19530,186258,459392,200213,381124,1000001,1634030,276380,630845,44962,91210,42.2,145899.690,389600.00,1361000.00,1341000.00,14.60,42.40,38.00,24,252,120,347,138,89,85770,66834.6,9451949,4704105,4815233,4637062,1405361,999598,359866
Percentiles,20,6.3000,21.2000,23.3000,9199.80,9187.20,34.600,23.9200,56.5900,87.26,40.1900,1.7860,67.3920,10.1300,24.000,23.900,23.800,23.900,23.900,4.00,3.000,4.00,69.500,.37988532534162,.46619713131350,1555.40,1494.20,124.00,131.00,305.00,3.00,17.00,54900.00,777.40,2.00,12.00,14658.40,29511.40,8.700,403.28200,554.6000,1737.8000,1723.4000,7.0000,21.6000,23.4000,17.00,160.00,61.00,281.00,103.00,61.00,18936.00,11.900,0.00,4572.40,4616.60,7449.80,29.00,1858.80,161.40
,80,8.6000,29.6000,27.4000,82776.40,82911.80,40.400,29.4800,73.9700,92.67,54.2740,3.4400,79.0500,14.0100,29.400,29.400,29.400,29.600,29.600,28.00,5.400,222.00,84.900,.77663442176099,1.02555293054704,11515.80,11103.80,987.40,1189.60,3363.60,1345.00,458.00,104900.00,8349.60,977.80,411.60,19697.40,41997.40,17.500,1043.98800,4997.8000,15512.0000,15494.0000,9.4000,30.2000,27.4000,21.00,188.00,74.00,314.00,122.00,72.00,26278.00,142.220,48682.40,40935.80,41543.80,69771.60,7160.00,13687.80,1833.60
a. Multiple modes exist. The smallest value is shown,,,,,,,,,,,,,,,,,,,,,,,,,,,,,,,,,,,,,,,,,,,,,,,,,,,,,,,,,,,,,
,,,,,,,,,,,,,,,,,,,,,,,,,,,,,,,,,,,,,,,,,,,,,,,,,,,,,,,,,,,,,
DATASET ACTIVATE DataSet1.,,,,,,,,,,,,,,,,,,,,,,,,,,,,,,,,,,,,,,,,,,,,,,,,,,,,,,,,,,,,,
CORRELATIONS,,,,,,,,,,,,,,,,,,,,,,,,,,,,,,,,,,,,,,,,,,,,,,,,,,,,,,,,,,,,,
  /VARIABLES=AGE030200D AGE040200D AGE050200D ageadjustedpercent2004diabetes,,,,,,,,,,,,,,,,,,,,,,,,,,,,,,,,,,,,,,,,,,,,,,,,,,,,,,,,,,,,,
    ageadjustedpercentleisuretimephysicalinactivityprevalence2004 ageadjustedpercentobesity2004,,,,,,,,,,,,,,,,,,,,,,,,,,,,,,,,,,,,,,,,,,,,,,,,,,,,,,,,,,,,,
    averagesmoke1996to2000 AvgDailyMaxAirTemperatureF AvgDailyMaxHeatIndexF AvgDailyMinAirTemperatureF,,,,,,,,,,,,,,,,,,,,,,,,,,,,,,,,,,,,,,,,,,,,,,,,,,,,,,,,,,,,,
    AvgDailyPrecipitationmm AvgDayLandSurfaceTemperatureF AvgFineParticulateMatterµgm b_1996 b_1997,,,,,,,,,,,,,,,,,,,,,,,,,,,,,,,,,,,,,,,,,,,,,,,,,,,,,,,,,,,,,
    b_1998 b_1999 b_2000 BNK010200D CLF040200D CRM110200D EDU635200D FFRPTH07 FSRPTH07 HEA010200D,,,,,,,,,,,,,,,,,,,,,,,,,,,,,,,,,,,,,,,,,,,,,,,,,,,,,,,,,,,,,
    HEA070200D HHNV1MI HSD150200D HSD170200D HSG455200D HSG460200D HSG495200D HSG680200D HSG695200D,,,,,,,,,,,,,,,,,,,,,,,,,,,,,,,,,,,,,,,,,,,,,,,,,,,,,,,,,,,,,
    HSG700200D INC910199D IPE010200D IPE120200D LND110200D number2004diabetes,,,,,,,,,,,,,,,,,,,,,,,,,,,,,,,,,,,,,,,,,,,,,,,,,,,,,,,,,,,,,
    numberleisuretimephysicalinactivityprevalence2004 numberobesityprevalence2004 percent2004diabetes,,,,,,,,,,,,,,,,,,,,,,,,,,,,,,,,,,,,,,,,,,,,,,,,,,,,,,,,,,,,,
    percentleisuretimephysicalinactivityprevalence2004 percentobesity2004 PH_FATS PH_FRUVEG PH_MEAT,,,,,,,,,,,,,,,,,,,,,,,,,,,,,,,,,,,,,,,,,,,,,,,,,,,,,,,,,,,,,
    PH_PREPFOOD PH_SNACKS PH_SODA PIN020200D POP060200D POP110200D POP150200D POP160200D POP220200D,,,,,,,,,,,,,,,,,,,,,,,,,,,,,,,,,,,,,,,,,,,,,,,,,,,,,,,,,,,,,
    POP250200D SPR010200D SPR410200D,,,,,,,,,,,,,,,,,,,,,,,,,,,,,,,,,,,,,,,,,,,,,,,,,,,,,,,,,,,,,
  /PRINT=TWOTAIL NOSIG,,,,,,,,,,,,,,,,,,,,,,,,,,,,,,,,,,,,,,,,,,,,,,,,,,,,,,,,,,,,,
  /MISSING=PAIRWISE.,,,,,,,,,,,,,,,,,,,,,,,,,,,,,,,,,,,,,,,,,,,,,,,,,,,,,,,,,,,,,
,,,,,,,,,,,,,,,,,,,,,,,,,,,,,,,,,,,,,,,,,,,,,,,,,,,,,,,,,,,,,
,,,,,,,,,,,,,,,,,,,,,,,,,,,,,,,,,,,,,,,,,,,,,,,,,,,,,,,,,,,,,
Correlations,,,,,,,,,,,,,,,,,,,,,,,,,,,,,,,,,,,,,,,,,,,,,,,,,,,,,,,,,,,,,
,,,,,,,,,,,,,,,,,,,,,,,,,,,,,,,,,,,,,,,,,,,,,,,,,,,,,,,,,,,,,
Correlations,,,,,,,,,,,,,,,,,,,,,,,,,,,,,,,,,,,,,,,,,,,,,,,,,,,,,,,,,,,,,
,,AGE030200D Resident population total (April 1 - estimates base) 2000,AGE040200D Resident population total (July 1 - estimate) 2000,AGE050200D Resident population: Median age (April 1 - complete count) 2000,ageadjustedpercent2004diabetes age-adjusted percent2004diabetes,ageadjustedpercentleisuretimephysicalinactivityprevalence2004 age-adjusted percent leisure time physical inactivity prevalence 2004,ageadjustedpercentobesity2004 age-adjusted percent obesity 2004,averagesmoke1996to2000 average smoking from 96 to 2000,AvgDailyMaxAirTemperatureF average from 2000-2009,AvgDailyMaxHeatIndexF average from 2000-2009,AvgDailyMinAirTemperatureF average from 2000-2009,AvgDailyPrecipitationmm average from 2000-2009,AvgDayLandSurfaceTemperatureF average from 2000-2009,AvgFineParticulateMatterµgm average from 2000-2009,b_1996 smoking for 1996,b_1997 smoking in 1997,b_1998 smoking prevalance in 98,b_1999 smoking in 99,b_2000 smoking in 2000 from brfss survey,BNK010200D Commercial banks and savings institutions (FDIC-insured) - number of offices (June 30) 2000,CLF040200D Civilian labor force unemployment rate 2000,CRM110200D Number of violent crimes known to police 2000,EDU635200D Educational attainment - persons 25 years and over - percent high school graduate or higher 2000,"FFRPTH07 Fast-food restaurants/1,000 pop, 2007","FSRPTH07 Full-service restaurants/1,000 pop, 2007","HEA010200D Hospital insurance and/or supplemental medical insurance (Medicare) - total persons enrolled July 1, 2000","HEA070200D Supplemental medical insurance (Medicare) - total persons enrolled July 1, 2000",HHNV1MI household without a car and greater than 1 mile drive to grocerty,"HSD150200D Family households - male householder, no wife present 2000 (complete count)","HSD170200D Family households - female householder, no husband present 2000 (complete count)",HSG455200D Owner-occupied housing units with a householder who is Black or African American alone 2000 (complete count),HSG460200D Owner-occupied housing units with Hispanic or Latino householder 2000 (complete count),HSG495200D Median value of specified owner-occupied housing units 2000 (sample),HSG680200D Renter-occupied housing units 2000 (complete count),HSG695200D Renter-occupied housing units with a householder who is Black or African American alone 2000 (complete count),HSG700200D Renter-occupied housing units with Hispanic or Latino householder 2000 (complete count),INC910199D Per capita income in 1999,IPE010200D Median household income 2000,IPE120200D People of all ages in poverty - percent 2000,LND110200D Land area in square miles 2000,number2004diabetes number of people with diabetes in the county 2004,numberleisuretimephysicalinactivityprevalence2004 number leisure time physical inactivity prevalence 2004,numberobesityprevalence2004 number obesity prevalence 2004,percent2004diabetes percent diabetes in the county 2004,percentleisuretimephysicalinactivityprevalence2004 percent leisure time physical inactivity prevalence 2004,percentobesity2004 percent obesity 2004,"PH_FATS Pounds of solid fats purchased per household of the region during the year. Solid fats include, for example, butter and margarine",PH_FRUVEG pounds per household fruit veg 2006 regional levels of consumption from usda atlas data,PH_MEAT pounds of meat,"PH_PREPFOOD Pounds of prepared foods purchased per household of the region during the year. Prepared foods include, for example, ice cream and frozen desserts; packaged sweets/baked goods; ready-to-eat bakery items; frozen entrees and sides; canned soups, sauces and","PH_SNACKS Pounds of packaged sweet snacks purchased per household of the region during the year. Packaged sweet snacks include, for example, cookies and candy bars.","PH_SODA Gallons of soft drinks purchased per household of the region during the year. Soft drinks include sodas (diet and caloric-sweetened carbonated beverages), fruit drinks (less than 100% fruit juice), poweraids, and other drinks other than water",PIN020200D Per capita personal income 2000,POP060200D Population per square mile 2000,POP110200D Urban population 2000 (sample),POP150200D Male population 2000 (complete count),POP160200D Female population 2000 (complete count),POP220200D Population of one race - White alone 2000 (complete count),POP250200D Population of one race - Black or African American alone 2000 (complete count),SPR010200D Social security - benefit recipients (Dec.) 2000,SPR410200D Supplemental security income recipients (Dec.) 2000
AGE030200D Resident population total (April 1 - estimates base) 2000,Pearson Correlation,1,1.000**,-.154**,-.052**,-.136**,-.193**,-.183**,.030,-.019,.065**,.001,.082**,.055**,-.177**,-.179**,-.182**,-.188**,-.184**,.946**,-.050**,.786**,.103**,.106**,-.039*,.976**,.975**,.672**,.991**,.973**,.745**,.813**,.341**,.968**,.796**,.855**,.317**,.262**,-.106**,.020,.984**,.987**,.992**,-.147**,-.163**,-.194**,-.126**,.125**,.069**,.052**,.004,-.139**,.354**,.346**,.998**,1.000**,1.000**,.972**,.790**,.972**,.918**
,Sig. (2-tailed),,0.000,.000,.004,.000,.000,.000,.096,.285,.000,.962,.000,.002,.000,.000,.000,.000,.000,0.000,.005,0.000,.000,.000,.031,0.000,0.000,0.000,0.000,0.000,0.000,0.000,.000,0.000,0.000,0.000,.000,.000,.000,.262,0.000,0.000,0.000,.000,.000,.000,.000,.000,.000,.004,.810,.000,.000,.000,0.000,0.000,0.000,0.000,0.000,0.000,0.000
,N,3140,3140,3139,3137,3137,3137,3107,3106,3098,3106,3106,3106,3106,3107,3107,3107,3107,3107,3140,3139,3140,3139,3136,3136,3135,3135,3107,3140,3140,3140,3140,3137,3140,3140,3140,3139,3138,3138,3139,3137,3137,3137,3137,3137,3137,3107,3107,3107,3107,3107,3107,3109,3137,3140,3139,3139,3140,3140,3140,3140
AGE040200D Resident population total (July 1 - estimate) 2000,Pearson Correlation,1.000**,1,-.154**,-.052**,-.136**,-.193**,-.184**,.030,-.019,.066**,.001,.083**,.055**,-.178**,-.180**,-.182**,-.188**,-.185**,.946**,-.051**,.786**,.103**,.105**,-.039*,.976**,.975**,.672**,.991**,.973**,.744**,.813**,.341**,.967**,.795**,.855**,.317**,.262**,-.106**,.020,.984**,.987**,.992**,-.148**,-.164**,-.194**,-.126**,.125**,.069**,.052**,.004,-.139**,.355**,.345**,.998**,1.000**,1.000**,.973**,.789**,.972**,.918**
,Sig. (2-tailed),0.000,,.000,.004,.000,.000,.000,.093,.287,.000,.972,.000,.002,.000,.000,.000,.000,.000,0.000,.005,0.000,.000,.000,.031,0.000,0.000,0.000,0.000,0.000,0.000,0.000,.000,0.000,0.000,0.000,.000,.000,.000,.258,0.000,0.000,0.000,.000,.000,.000,.000,.000,.000,.004,.818,.000,.000,.000,0.000,0.000,0.000,0.000,0.000,0.000,0.000
,N,3140,3140,3139,3137,3137,3137,3107,3106,3098,3106,3106,3106,3106,3107,3107,3107,3107,3107,3140,3139,3140,3139,3136,3136,3135,3135,3107,3140,3140,3140,3140,3137,3140,3140,3140,3139,3138,3138,3139,3137,3137,3137,3137,3137,3137,3107,3107,3107,3107,3107,3107,3109,3137,3140,3139,3139,3140,3140,3140,3140
AGE050200D Resident population: Median age (April 1 - complete count) 2000,Pearson Correlation,-.154**,-.154**,1,-.240**,-.073**,-.117**,.104**,-.198**,-.130**,-.192**,-.045*,-.184**,-.140**,.106**,.102**,.103**,.102**,.104**,-.144**,-.087**,-.109**,.099**,-.093**,.316**,-.114**,-.112**,-.191**,-.142**,-.151**,-.141**,-.120**,-.157**,-.143**,-.135**,-.101**,.061**,-.142**,-.169**,-.102**,-.148**,-.153**,-.167**,.200**,.052**,-.115**,.166**,.004,-.096**,.008,.031,-.091**,.024,-.082**,-.147**,-.156**,-.153**,-.158**,-.142**,-.118**,-.127**
,Sig. (2-tailed),.000,.000,,.000,.000,.000,.000,.000,.000,.000,.013,.000,.000,.000,.000,.000,.000,.000,.000,.000,.000,.000,.000,.000,.000,.000,.000,.000,.000,.000,.000,.000,.000,.000,.000,.001,.000,.000,.000,.000,.000,.000,.000,.004,.000,.000,.815,.000,.672,.085,.000,.179,.000,.000,.000,.000,.000,.000,.000,.000
,N,3139,3139,3140,3136,3136,3136,3106,3107,3099,3107,3107,3107,3107,3106,3106,3106,3106,3106,3140,3138,3140,3140,3136,3136,3136,3136,3108,3140,3140,3140,3140,3138,3140,3140,3140,3140,3138,3138,3140,3136,3136,3136,3136,3136,3136,3108,3108,3108,3108,3108,3108,3109,3138,3140,3140,3140,3140,3140,3140,3140
ageadjustedpercent2004diabetes age-adjusted percent2004diabetes,Pearson Correlation,-.052**,-.052**,-.240**,1,.714**,.778**,.500**,.495**,.456**,.552**,.532**,.143**,.462**,.481**,.492**,.498**,.508**,.508**,-.070**,.309**,.002,-.572**,-.089**,-.386**,-.048**,-.048**,.093**,-.039*,-.008,.107**,-.056**,-.259**,-.040*,.055**,-.044*,-.369**,-.378**,.508**,-.135**,-.012,-.020,-.029,.871**,.675**,.770**,-.311**,-.181**,.244**,-.232**,-.338**,.535**,-.348**,.001,-.057**,-.054**,-.050**,-.083**,.079**,-.045*,.011
,Sig. (2-tailed),.004,.004,.000,,0.000,0.000,.000,.000,.000,.000,.000,.000,.000,.000,.000,.000,.000,.000,.000,.000,.927,.000,.000,.000,.007,.008,.000,.031,.666,.000,.002,.000,.024,.002,.015,.000,.000,.000,.000,.496,.274,.108,0.000,0.000,0.000,.000,.000,.000,.000,.000,.000,.000,.964,.001,.003,.005,.000,.000,.012,.533
,N,3137,3137,3136,3137,3137,3137,3107,3106,3098,3106,3106,3106,3106,3107,3107,3107,3107,3107,3137,3136,3137,3136,3136,3136,3132,3132,3107,3137,3137,3137,3137,3134,3137,3137,3137,3136,3135,3135,3136,3137,3137,3137,3137,3137,3137,3107,3107,3107,3107,3107,3107,3106,3134,3137,3136,3136,3137,3137,3137,3137
ageadjustedpercentleisuretimephysicalinactivityprevalence2004 age-adjusted percent leisure time physical inactivity prevalence 2004,Pearson Correlation,-.136**,-.136**,-.073**,.714**,1,.700**,.636**,.486**,.522**,.500**,.490**,.173**,.404**,.623**,.632**,.632**,.638**,.638**,-.166**,.247**,-.053**,-.632**,-.152**,-.342**,-.132**,-.131**,-.052**,-.112**,-.088**,.005,-.089**,-.430**,-.110**,-.018,-.067**,-.489**,-.495**,.492**,-.088**,-.116**,-.093**,-.127**,.685**,.989**,.691**,-.229**,-.289**,.132**,-.276**,-.271**,.593**,-.443**,-.035*,-.133**,-.138**,-.134**,-.176**,-.006,-.134**,-.044*
,Sig. (2-tailed),.000,.000,.000,0.000,,0.000,0.000,.000,.000,.000,.000,.000,.000,0.000,0.000,0.000,0.000,0.000,.000,.000,.003,0.000,.000,.000,.000,.000,.004,.000,.000,.761,.000,.000,.000,.314,.000,.000,.000,.000,.000,.000,.000,.000,0.000,0.000,0.000,.000,.000,.000,.000,.000,.000,.000,.048,.000,.000,.000,.000,.718,.000,.014
,N,3137,3137,3136,3137,3137,3137,3107,3106,3098,3106,3106,3106,3106,3107,3107,3107,3107,3107,3137,3136,3137,3136,3136,3136,3132,3132,3107,3137,3137,3137,3137,3134,3137,3137,3137,3136,3135,3135,3136,3137,3137,3137,3137,3137,3137,3107,3107,3107,3107,3107,3107,3106,3134,3137,3136,3136,3137,3137,3137,3137
ageadjustedpercentobesity2004 age-adjusted percent obesity 2004,Pearson Correlation,-.193**,-.193**,-.117**,.778**,.700**,1,.515**,.354**,.499**,.357**,.381**,.074**,.338**,.494**,.501**,.507**,.526**,.530**,-.230**,.287**,-.093**,-.495**,-.187**,-.364**,-.197**,-.195**,-.070**,-.167**,-.146**,-.013,-.134**,-.505**,-.178**,-.068**,-.133**,-.516**,-.458**,.433**,-.071**,-.172**,-.169**,-.167**,.761**,.693**,.997**,-.064**,-.221**,.110**,-.133**,-.156**,.532**,-.461**,-.125**,-.192**,-.194**,-.192**,-.233**,-.046*,-.197**,-.105**
,Sig. (2-tailed),.000,.000,.000,0.000,0.000,,.000,.000,.000,.000,.000,.000,.000,.000,.000,.000,.000,.000,.000,.000,.000,.000,.000,.000,.000,.000,.000,.000,.000,.450,.000,.000,.000,.000,.000,.000,.000,.000,.000,.000,.000,.000,0.000,0.000,0.000,.000,.000,.000,.000,.000,.000,.000,.000,.000,.000,.000,.000,.011,.000,.000
,N,3137,3137,3136,3137,3137,3137,3107,3106,3098,3106,3106,3106,3106,3107,3107,3107,3107,3107,3137,3136,3137,3136,3136,3136,3132,3132,3107,3137,3137,3137,3137,3134,3137,3137,3137,3136,3135,3135,3136,3137,3137,3137,3137,3137,3137,3107,3107,3107,3107,3107,3107,3106,3134,3137,3136,3136,3137,3137,3137,3137
averagesmoke1996to2000 average smoking from 96 to 2000,Pearson Correlation,-.183**,-.184**,.104**,.500**,.636**,.515**,1,.148**,.222**,.208**,.424**,-.093**,.443**,.996**,.997**,.998**,.996**,.988**,-.199**,.263**,-.107**,-.551**,-.142**,-.308**,-.154**,-.152**,-.073**,-.154**,-.145**,-.092**,-.144**,-.389**,-.166**,-.104**,-.128**,-.435**,-.437**,.311**,-.180**,-.160**,-.152**,-.171**,.523**,.637**,.514**,-.014,-.140**,.044*,-.079**,-.156**,.444**,-.422**,-.088**,-.187**,-.185**,-.182**,-.199**,-.102**,-.153**,-.105**
,Sig. (2-tailed),.000,.000,.000,.000,0.000,.000,,.000,.000,.000,.000,.000,.000,0.000,0.000,0.000,0.000,0.000,.000,.000,.000,.000,.000,.000,.000,.000,.000,.000,.000,.000,.000,.000,.000,.000,.000,.000,.000,.000,.000,.000,.000,.000,.000,0.000,.000,.446,.000,.015,.000,.000,.000,.000,.000,.000,.000,.000,.000,.000,.000,.000
,N,3107,3107,3106,3107,3107,3107,3107,3105,3097,3105,3105,3105,3105,3107,3107,3107,3107,3107,3107,3107,3107,3106,3106,3106,3106,3106,3106,3107,3107,3107,3107,3105,3107,3107,3107,3106,3106,3106,3106,3107,3107,3107,3107,3107,3107,3106,3106,3106,3106,3106,3106,3078,3106,3107,3106,3106,3107,3107,3107,3107
AvgDailyMaxAirTemperatureF average from 2000-2009,Pearson Correlation,.030,.030,-.198**,.495**,.486**,.354**,.148**,1,.761**,.960**,.295**,.763**,.111**,.136**,.141**,.150**,.148**,.161**,-.008,.176**,.059**,-.529**,-.065**,-.344**,.021,.023,.091**,.035,.039*,.088**,.105**,-.226**,.023,.045*,.051**,-.244**,-.270**,.471**,-.102**,.047**,.049**,.041*,.412**,.458**,.328**,-.614**,-.338**,.272**,-.500**,-.584**,.351**,-.237**,-.026,.032,.031,.029,.007,.067**,.025,.043*
,Sig. (2-tailed),.096,.093,.000,.000,.000,.000,.000,,0.000,0.000,.000,0.000,.000,.000,.000,.000,.000,.000,.640,.000,.001,.000,.000,.000,.239,.208,.000,.052,.028,.000,.000,.000,.196,.012,.005,.000,.000,.000,.000,.009,.007,.022,.000,.000,.000,0.000,.000,.000,.000,.000,.000,.000,.154,.078,.087,.106,.683,.000,.156,.016
,N,3106,3106,3107,3106,3106,3106,3105,3107,3099,3107,3107,3107,3107,3105,3105,3105,3105,3105,3107,3106,3107,3107,3106,3106,3107,3107,3107,3107,3107,3107,3107,3106,3107,3107,3107,3107,3106,3106,3107,3106,3106,3106,3106,3106,3106,3107,3107,3107,3107,3107,3107,3077,3107,3107,3107,3107,3107,3107,3107,3107
AvgDailyMaxHeatIndexF average from 2000-2009,Pearson Correlation,-.019,-.019,-.130**,.456**,.522**,.499**,.222**,.761**,1,.728**,.440**,.391**,.151**,.208**,.211**,.219**,.224**,.243**,-.022,.011,.009,-.347**,-.121**,-.336**,-.022,-.022,.058**,-.018,-.001,.072**,.008,-.337**,-.019,.035*,-.011,-.190**,-.189**,.254**,-.339**,.000,.007,-.003,.412**,.508**,.480**,-.243**,-.313**,.128**,-.274**,-.316**,.434**,-.165**,-.015,-.019,-.020,-.019,-.035,.055**,-.019,-.006
,Sig. (2-tailed),.285,.287,.000,.000,.000,.000,.000,0.000,,0.000,.000,.000,.000,.000,.000,.000,.000,.000,.231,.552,.617,.000,.000,.000,.214,.229,.001,.325,.962,.000,.654,.000,.300,.049,.541,.000,.000,.000,.000,.984,.678,.854,.000,.000,.000,.000,.000,.000,.000,.000,.000,.000,.397,.294,.271,.299,.055,.002,.292,.718
,N,3098,3098,3099,3098,3098,3098,3097,3099,3099,3099,3099,3099,3099,3097,3097,3097,3097,3097,3099,3098,3099,3099,3098,3098,3099,3099,3099,3099,3099,3099,3099,3098,3099,3099,3099,3099,3098,3098,3099,3098,3098,3098,3098,3098,3098,3099,3099,3099,3099,3099,3099,3069,3099,3099,3099,3099,3099,3099,3099,3099
AvgDailyMinAirTemperatureF average from 2000-2009,Pearson Correlation,.065**,.066**,-.192**,.552**,.500**,.357**,.208**,.960**,.728**,1,.438**,.654**,.208**,.197**,.202**,.211**,.207**,.215**,.045*,.199**,.078**,-.533**,-.037*,-.348**,.070**,.072**,.158**,.065**,.073**,.118**,.107**,-.141**,.052**,.073**,.059**,-.178**,-.224**,.437**,-.146**,.093**,.091**,.081**,.449**,.464**,.332**,-.606**,-.268**,.302**,-.443**,-.577**,.354**,-.192**,.009,.063**,.066**,.065**,.053**,.098**,.076**,.069**
,Sig. (2-tailed),.000,.000,.000,.000,.000,.000,.000,0.000,0.000,,.000,0.000,.000,.000,.000,.000,.000,.000,.013,.000,.000,.000,.041,.000,.000,.000,.000,.000,.000,.000,.000,.000,.004,.000,.001,.000,.000,.000,.000,.000,.000,.000,.000,.000,.000,0.000,.000,.000,.000,.000,.000,.000,.625,.000,.000,.000,.003,.000,.000,.000
,N,3106,3106,3107,3106,3106,3106,3105,3107,3099,3107,3107,3107,3107,3105,3105,3105,3105,3105,3107,3106,3107,3107,3106,3106,3107,3107,3107,3107,3107,3107,3107,3106,3107,3107,3107,3107,3106,3106,3107,3106,3106,3106,3106,3106,3106,3107,3107,3107,3107,3107,3107,3077,3107,3107,3107,3107,3107,3107,3107,3107
AvgDailyPrecipitationmm average from 2000-2009,Pearson Correlation,.001,.001,-.045*,.532**,.490**,.381**,.424**,.295**,.440**,.438**,1,-.290**,.520**,.420**,.426**,.427**,.421**,.414**,.055**,.085**,-.007,-.279**,-.013,-.252**,.028,.028,.153**,-.009,.019,.088**,-.106**,.042*,-.002,.058**,-.057**,.041*,-.030,.078**,-.467**,.037*,.035,.020,.429**,.452**,.373**,-.158**,-.061**,.178**,-.056**,-.227**,.357**,-.014,.058**,-.015,-.002,.003,.015,.074**,.034,.002
,Sig. (2-tailed),.962,.972,.013,.000,.000,.000,.000,.000,.000,.000,,.000,.000,.000,.000,.000,.000,.000,.002,.000,.715,.000,.479,.000,.123,.116,.000,.603,.295,.000,.000,.019,.905,.001,.001,.022,.091,.000,.000,.040,.053,.255,.000,.000,.000,.000,.001,.000,.002,.000,.000,.429,.001,.413,.911,.849,.416,.000,.060,.894
,N,3106,3106,3107,3106,3106,3106,3105,3107,3099,3107,3107,3107,3107,3105,3105,3105,3105,3105,3107,3106,3107,3107,3106,3106,3107,3107,3107,3107,3107,3107,3107,3106,3107,3107,3107,3107,3106,3106,3107,3106,3106,3106,3106,3106,3106,3107,3107,3107,3107,3107,3107,3077,3107,3107,3107,3107,3107,3107,3107,3107
AvgDayLandSurfaceTemperatureF average from 2000-2009,Pearson Correlation,.082**,.083**,-.184**,.143**,.173**,.074**,-.093**,.763**,.391**,.654**,-.290**,1,-.187**,-.099**,-.101**,-.094**,-.092**,-.075**,.022,.141**,.097**,-.313**,-.030,-.179**,.065**,.065**,.039*,.091**,.082**,.070**,.190**,-.212**,.077**,.056**,.114**,-.242**,-.227**,.406**,.254**,.081**,.083**,.083**,.119**,.168**,.053**,-.472**,-.262**,.118**,-.416**,-.379**,.078**,-.196**,-.011,.093**,.084**,.081**,.058**,.064**,.066**,.087**
,Sig. (2-tailed),.000,.000,.000,.000,.000,.000,.000,0.000,.000,0.000,.000,,.000,.000,.000,.000,.000,.000,.214,.000,.000,.000,.097,.000,.000,.000,.029,.000,.000,.000,.000,.000,.000,.002,.000,.000,.000,.000,.000,.000,.000,.000,.000,.000,.003,.000,.000,.000,.000,.000,.000,.000,.538,.000,.000,.000,.001,.000,.000,.000
,N,3106,3106,3107,3106,3106,3106,3105,3107,3099,3107,3107,3107,3107,3105,3105,3105,3105,3105,3107,3106,3107,3107,3106,3106,3107,3107,3107,3107,3107,3107,3107,3106,3107,3107,3107,3107,3106,3106,3107,3106,3106,3106,3106,3106,3106,3107,3107,3107,3107,3107,3107,3077,3107,3107,3107,3107,3107,3107,3107,3107
AvgFineParticulateMatterµgm average from 2000-2009,Pearson Correlation,.055**,.055**,-.140**,.462**,.404**,.338**,.443**,.111**,.151**,.208**,.520**,-.187**,1,.442**,.452**,.449**,.440**,.418**,.071**,.058**,.028,-.275**,.010,-.292**,.054**,.055**,.134**,.050**,.065**,.105**,-.011,.041*,.042*,.083**,.015,.050**,.067**,-.030,-.296**,.073**,.075**,.072**,.330**,.364**,.340**,-.071**,.178**,.340**,.125**,-.007,.440**,-.006,.056**,.043*,.053**,.056**,.055**,.093**,.057**,.063**
,Sig. (2-tailed),.002,.002,.000,.000,.000,.000,.000,.000,.000,.000,.000,.000,,.000,.000,.000,.000,.000,.000,.001,.118,.000,.578,.000,.002,.002,.000,.005,.000,.000,.537,.023,.018,.000,.412,.005,.000,.097,.000,.000,.000,.000,.000,.000,.000,.000,.000,.000,.000,.702,.000,.742,.002,.016,.003,.002,.002,.000,.001,.000
,N,3106,3106,3107,3106,3106,3106,3105,3107,3099,3107,3107,3107,3107,3105,3105,3105,3105,3105,3107,3106,3107,3107,3106,3106,3107,3107,3107,3107,3107,3107,3107,3106,3107,3107,3107,3107,3106,3106,3107,3106,3106,3106,3106,3106,3106,3107,3107,3107,3107,3107,3107,3077,3107,3107,3107,3107,3107,3107,3107,3107
b_1996 smoking for 1996,Pearson Correlation,-.177**,-.178**,.106**,.481**,.623**,.494**,.996**,.136**,.208**,.197**,.420**,-.099**,.442**,1,.998**,.997**,.986**,.972**,-.191**,.255**,-.105**,-.539**,-.136**,-.301**,-.147**,-.146**,-.070**,-.149**,-.140**,-.090**,-.142**,-.373**,-.161**,-.101**,-.127**,-.416**,-.417**,.289**,-.176**,-.154**,-.146**,-.165**,.502**,.623**,.494**,-.007,-.124**,.048**,-.063**,-.142**,.432**,-.403**,-.085**,-.181**,-.179**,-.176**,-.191**,-.099**,-.146**,-.102**
,Sig. (2-tailed),.000,.000,.000,.000,0.000,.000,0.000,.000,.000,.000,.000,.000,.000,,0.000,0.000,0.000,0.000,.000,.000,.000,.000,.000,.000,.000,.000,.000,.000,.000,.000,.000,.000,.000,.000,.000,.000,.000,.000,.000,.000,.000,.000,.000,0.000,.000,.678,.000,.008,.000,.000,.000,.000,.000,.000,.000,.000,.000,.000,.000,.000
,N,3107,3107,3106,3107,3107,3107,3107,3105,3097,3105,3105,3105,3105,3107,3107,3107,3107,3107,3107,3107,3107,3106,3106,3106,3106,3106,3106,3107,3107,3107,3107,3105,3107,3107,3107,3106,3106,3106,3106,3107,3107,3107,3107,3107,3107,3106,3106,3106,3106,3106,3106,3078,3106,3107,3106,3106,3107,3107,3107,3107
b_1997 smoking in 1997,Pearson Correlation,-.179**,-.180**,.102**,.492**,.632**,.501**,.997**,.141**,.211**,.202**,.426**,-.101**,.452**,.998**,1,.998**,.988**,.975**,-.194**,.255**,-.106**,-.544**,-.136**,-.306**,-.150**,-.149**,-.070**,-.151**,-.142**,-.090**,-.143**,-.374**,-.163**,-.103**,-.127**,-.419**,-.420**,.293**,-.183**,-.156**,-.148**,-.167**,.511**,.631**,.501**,-.013,-.128**,.049**,-.069**,-.147**,.443**,-.406**,-.086**,-.183**,-.181**,-.178**,-.194**,-.100**,-.149**,-.103**
,Sig. (2-tailed),.000,.000,.000,.000,0.000,.000,0.000,.000,.000,.000,.000,.000,.000,0.000,,0.000,0.000,0.000,.000,.000,.000,.000,.000,.000,.000,.000,.000,.000,.000,.000,.000,.000,.000,.000,.000,.000,.000,.000,.000,.000,.000,.000,.000,0.000,.000,.480,.000,.007,.000,.000,.000,.000,.000,.000,.000,.000,.000,.000,.000,.000
,N,3107,3107,3106,3107,3107,3107,3107,3105,3097,3105,3105,3105,3105,3107,3107,3107,3107,3107,3107,3107,3107,3106,3106,3106,3106,3106,3106,3107,3107,3107,3107,3105,3107,3107,3107,3106,3106,3106,3106,3107,3107,3107,3107,3107,3107,3106,3106,3106,3106,3106,3106,3078,3106,3107,3106,3106,3107,3107,3107,3107
b_1998 smoking prevalance in 98,Pearson Correlation,-.182**,-.182**,.103**,.498**,.632**,.507**,.998**,.150**,.219**,.211**,.427**,-.094**,.449**,.997**,.998**,1,.990**,.978**,-.198**,.262**,-.107**,-.550**,-.139**,-.310**,-.153**,-.151**,-.072**,-.153**,-.144**,-.092**,-.143**,-.381**,-.165**,-.104**,-.128**,-.426**,-.427**,.302**,-.182**,-.159**,-.151**,-.170**,.518**,.632**,.507**,-.018,-.133**,.052**,-.078**,-.159**,.441**,-.414**,-.088**,-.186**,-.183**,-.181**,-.198**,-.102**,-.152**,-.105**
,Sig. (2-tailed),.000,.000,.000,.000,0.000,.000,0.000,.000,.000,.000,.000,.000,.000,0.000,0.000,,0.000,0.000,.000,.000,.000,.000,.000,.000,.000,.000,.000,.000,.000,.000,.000,.000,.000,.000,.000,.000,.000,.000,.000,.000,.000,.000,.000,0.000,.000,.320,.000,.004,.000,.000,.000,.000,.000,.000,.000,.000,.000,.000,.000,.000
,N,3107,3107,3106,3107,3107,3107,3107,3105,3097,3105,3105,3105,3105,3107,3107,3107,3107,3107,3107,3107,3107,3106,3106,3106,3106,3106,3106,3107,3107,3107,3107,3105,3107,3107,3107,3106,3106,3106,3106,3107,3107,3107,3107,3107,3107,3106,3106,3106,3106,3106,3106,3078,3106,3107,3106,3106,3107,3107,3107,3107
b_1999 smoking in 99,Pearson Correlation,-.188**,-.188**,.102**,.508**,.638**,.526**,.996**,.148**,.224**,.207**,.421**,-.092**,.440**,.986**,.988**,.990**,1,.988**,-.205**,.270**,-.108**,-.553**,-.147**,-.307**,-.159**,-.158**,-.081**,-.158**,-.149**,-.094**,-.145**,-.396**,-.170**,-.105**,-.130**,-.447**,-.448**,.325**,-.177**,-.165**,-.157**,-.176**,.531**,.639**,.525**,-.013,-.143**,.044*,-.085**,-.160**,.440**,-.433**,-.090**,-.191**,-.189**,-.187**,-.205**,-.103**,-.159**,-.108**
,Sig. (2-tailed),.000,.000,.000,.000,0.000,.000,0.000,.000,.000,.000,.000,.000,.000,0.000,0.000,0.000,,0.000,.000,.000,.000,.000,.000,.000,.000,.000,.000,.000,.000,.000,.000,.000,.000,.000,.000,.000,.000,.000,.000,.000,.000,.000,.000,0.000,.000,.456,.000,.015,.000,.000,.000,.000,.000,.000,.000,.000,.000,.000,.000,.000
,N,3107,3107,3106,3107,3107,3107,3107,3105,3097,3105,3105,3105,3105,3107,3107,3107,3107,3107,3107,3107,3107,3106,3106,3106,3106,3106,3106,3107,3107,3107,3107,3105,3107,3107,3107,3106,3106,3106,3106,3107,3107,3107,3107,3107,3107,3106,3106,3106,3106,3106,3106,3078,3106,3107,3106,3106,3107,3107,3107,3107
b_2000 smoking in 2000 from brfss survey,Pearson Correlation,-.184**,-.185**,.104**,.508**,.638**,.530**,.988**,.161**,.243**,.215**,.414**,-.075**,.418**,.972**,.975**,.978**,.988**,1,-.201**,.268**,-.106**,-.554**,-.147**,-.309**,-.156**,-.154**,-.073**,-.155**,-.146**,-.091**,-.141**,-.411**,-.166**,-.104**,-.127**,-.457**,-.461**,.339**,-.178**,-.161**,-.153**,-.173**,.537**,.641**,.528**,-.017,-.168**,.026,-.098**,-.166**,.454**,-.441**,-.091**,-.188**,-.186**,-.183**,-.201**,-.101**,-.155**,-.105**
,Sig. (2-tailed),.000,.000,.000,.000,0.000,.000,0.000,.000,.000,.000,.000,.000,.000,0.000,0.000,0.000,0.000,,.000,.000,.000,.000,.000,.000,.000,.000,.000,.000,.000,.000,.000,.000,.000,.000,.000,.000,.000,.000,.000,.000,.000,.000,.000,0.000,.000,.358,.000,.155,.000,.000,.000,.000,.000,.000,.000,.000,.000,.000,.000,.000
,N,3107,3107,3106,3107,3107,3107,3107,3105,3097,3105,3105,3105,3105,3107,3107,3107,3107,3107,3107,3107,3107,3106,3106,3106,3106,3106,3106,3107,3107,3107,3107,3105,3107,3107,3107,3106,3106,3106,3106,3107,3107,3107,3107,3107,3107,3106,3106,3106,3106,3106,3106,3078,3106,3107,3106,3106,3107,3107,3107,3107
BNK010200D Commercial banks and savings institutions (FDIC-insured) - number of offices (June 30) 2000,Pearson Correlation,.946**,.946**,-.144**,-.070**,-.166**,-.230**,-.199**,-.008,-.022,.045*,.055**,.022,.071**,-.191**,-.194**,-.198**,-.205**,-.201**,1,-.102**,.668**,.170**,.150**,-.025,.962**,.961**,.742**,.908**,.907**,.729**,.685**,.401**,.890**,.748**,.704**,.430**,.342**,-.178**,-.004,.954**,.942**,.948**,-.166**,-.194**,-.230**,-.087**,.157**,.060**,.117**,.070**,-.158**,.474**,.344**,.941**,.944**,.948**,.968**,.755**,.965**,.802**
,Sig. (2-tailed),0.000,0.000,.000,.000,.000,.000,.000,.640,.231,.013,.002,.214,.000,.000,.000,.000,.000,.000,,.000,0.000,.000,.000,.156,0.000,0.000,0.000,0.000,0.000,0.000,0.000,.000,0.000,0.000,0.000,.000,.000,.000,.815,0.000,0.000,0.000,.000,.000,.000,.000,.000,.001,.000,.000,.000,.000,.000,0.000,0.000,0.000,0.000,0.000,0.000,0.000
,N,3140,3140,3140,3137,3137,3137,3107,3107,3099,3107,3107,3107,3107,3107,3107,3107,3107,3107,3141,3139,3141,3140,3136,3136,3136,3136,3108,3141,3141,3141,3141,3138,3141,3141,3141,3140,3138,3138,3140,3137,3137,3137,3137,3137,3137,3108,3108,3108,3108,3108,3108,3109,3138,3141,3140,3140,3141,3141,3141,3141
CLF040200D Civilian labor force unemployment rate 2000,Pearson Correlation,-.050**,-.051**,-.087**,.309**,.247**,.287**,.263**,.176**,.011,.199**,.085**,.141**,.058**,.255**,.255**,.262**,.270**,.268**,-.102**,1,-.001,-.480**,-.087**,-.144**,-.049**,-.048**,-.025,-.029,-.022,-.013,.038*,-.199**,-.029,-.006,.025,-.457**,-.474**,.621**,.197**,-.050**,-.044*,-.052**,.297**,.240**,.287**,-.127**,-.097**,.045*,-.162**,-.162**,.197**,-.419**,-.019,-.047**,-.050**,-.050**,-.086**,-.007,-.052**,.033
,Sig. (2-tailed),.005,.005,.000,.000,.000,.000,.000,.000,.552,.000,.000,.000,.001,.000,.000,.000,.000,.000,.000,,.951,.000,.000,.000,.006,.007,.163,.109,.218,.463,.032,.000,.099,.732,.160,.000,.000,0.000,.000,.005,.013,.003,.000,.000,.000,.000,.000,.013,.000,.000,.000,.000,.276,.009,.005,.005,.000,.682,.003,.066
,N,3139,3139,3138,3136,3136,3136,3107,3106,3098,3106,3106,3106,3106,3107,3107,3107,3107,3107,3139,3139,3139,3138,3135,3135,3134,3134,3107,3139,3139,3139,3139,3137,3139,3139,3139,3138,3138,3138,3138,3136,3136,3136,3136,3136,3136,3107,3107,3107,3107,3107,3107,3109,3136,3139,3138,3138,3139,3139,3139,3139
CRM110200D Number of violent crimes known to police 2000,Pearson Correlation,.786**,.786**,-.109**,.002,-.053**,-.093**,-.107**,.059**,.009,.078**,-.007,.097**,.028,-.105**,-.106**,-.107**,-.108**,-.106**,.668**,-.001,1,.016,.061**,-.026,.750**,.751**,.469**,.819**,.823**,.646**,.709**,.171**,.821**,.756**,.780**,.139**,.090**,-.006,.017,.775**,.795**,.785**,-.060**,-.070**,-.095**,-.117**,.055**,.043*,-.016,-.054**,-.087**,.168**,.325**,.789**,.784**,.787**,.704**,.717**,.732**,.857**
,Sig. (2-tailed),0.000,0.000,.000,.927,.003,.000,.000,.001,.617,.000,.715,.000,.118,.000,.000,.000,.000,.000,0.000,.951,,.374,.001,.144,0.000,0.000,.000,0.000,0.000,0.000,0.000,.000,0.000,0.000,0.000,.000,.000,.755,.329,0.000,0.000,0.000,.001,.000,.000,.000,.002,.015,.379,.003,.000,.000,.000,0.000,0.000,0.000,0.000,0.000,0.000,0.000
,N,3140,3140,3140,3137,3137,3137,3107,3107,3099,3107,3107,3107,3107,3107,3107,3107,3107,3107,3141,3139,3141,3140,3136,3136,3136,3136,3108,3141,3141,3141,3141,3138,3141,3141,3141,3140,3138,3138,3140,3137,3137,3137,3137,3137,3137,3108,3108,3108,3108,3108,3108,3109,3138,3141,3140,3140,3141,3141,3141,3141
EDU635200D Educational attainment - persons 25 years and over - percent high school graduate or higher 2000,Pearson Correlation,.103**,.103**,.099**,-.572**,-.632**,-.495**,-.551**,-.529**,-.347**,-.533**,-.279**,-.313**,-.275**,-.539**,-.544**,-.550**,-.553**,-.554**,.170**,-.480**,.016,1,.190**,.330**,.109**,.108**,.074**,.071**,.061**,.018,-.025,.408**,.070**,.020,-.016,.626**,.639**,-.752**,.036*,.102**,.088**,.109**,-.553**,-.623**,-.480**,.383**,.247**,-.220**,.384**,.416**,-.435**,.564**,.025,.097**,.103**,.102**,.155**,.018,.114**,-.009
,Sig. (2-tailed),.000,.000,.000,.000,0.000,.000,.000,.000,.000,.000,.000,.000,.000,.000,.000,.000,.000,.000,.000,.000,.374,,.000,.000,.000,.000,.000,.000,.001,.308,.154,.000,.000,.259,.368,0.000,0.000,0.000,.046,.000,.000,.000,.000,0.000,.000,.000,.000,.000,.000,.000,.000,.000,.170,.000,.000,.000,.000,.308,.000,.614
,N,3139,3139,3140,3136,3136,3136,3106,3107,3099,3107,3107,3107,3107,3106,3106,3106,3106,3106,3140,3138,3140,3140,3136,3136,3136,3136,3108,3140,3140,3140,3140,3138,3140,3140,3140,3140,3138,3138,3140,3136,3136,3136,3136,3136,3136,3108,3108,3108,3108,3108,3108,3109,3138,3140,3140,3140,3140,3140,3140,3140
"FFRPTH07 Fast-food restaurants/1,000 pop, 2007",Pearson Correlation,.106**,.105**,-.093**,-.089**,-.152**,-.187**,-.142**,-.065**,-.121**,-.037*,-.013,-.030,.010,-.136**,-.136**,-.139**,-.147**,-.147**,.150**,-.087**,.061**,.190**,1,.347**,.118**,.117**,.132**,.091**,.099**,.086**,.036*,.270**,.099**,.086**,.040*,.270**,.171**,-.120**,-.029,.115**,.107**,.113**,-.140**,-.167**,-.190**,-.073**,.085**,.058**,.027,.005,-.088**,.254**,.106**,.103**,.105**,.106**,.123**,.085**,.117**,.071**
,Sig. (2-tailed),.000,.000,.000,.000,.000,.000,.000,.000,.000,.041,.479,.097,.578,.000,.000,.000,.000,.000,.000,.000,.001,.000,,.000,.000,.000,.000,.000,.000,.000,.041,.000,.000,.000,.027,.000,.000,.000,.101,.000,.000,.000,.000,.000,.000,.000,.000,.001,.128,.789,.000,.000,.000,.000,.000,.000,.000,.000,.000,.000
,N,3136,3136,3136,3136,3136,3136,3106,3106,3098,3106,3106,3106,3106,3106,3106,3106,3106,3106,3136,3135,3136,3136,3136,3136,3132,3132,3107,3136,3136,3136,3136,3134,3136,3136,3136,3136,3135,3135,3136,3136,3136,3136,3136,3136,3136,3107,3107,3107,3107,3107,3107,3106,3134,3136,3136,3136,3136,3136,3136,3136
"FSRPTH07 Full-service restaurants/1,000 pop, 2007",Pearson Correlation,-.039*,-.039*,.316**,-.386**,-.342**,-.364**,-.308**,-.344**,-.336**,-.348**,-.252**,-.179**,-.292**,-.301**,-.306**,-.310**,-.307**,-.309**,-.025,-.144**,-.026,.330**,.347**,1,-.034,-.035,-.099**,-.036*,-.040*,-.053**,-.026,.194**,-.017,-.028,-.012,.204**,.066**,-.187**,.024,-.048**,-.050**,-.052**,-.235**,-.297**,-.355**,.172**,.088**,-.112**,.064**,.127**,-.266**,.176**,.041*,-.029,-.039*,-.038*,-.044*,-.042*,-.041*,-.034
,Sig. (2-tailed),.031,.031,.000,.000,.000,.000,.000,.000,.000,.000,.000,.000,.000,.000,.000,.000,.000,.000,.156,.000,.144,.000,.000,,.054,.052,.000,.042,.025,.003,.143,.000,.346,.117,.495,.000,.000,.000,.182,.007,.005,.004,.000,.000,.000,.000,.000,.000,.000,.000,.000,.000,.021,.101,.031,.031,.014,.017,.021,.055
,N,3136,3136,3136,3136,3136,3136,3106,3106,3098,3106,3106,3106,3106,3106,3106,3106,3106,3106,3136,3135,3136,3136,3136,3136,3132,3132,3107,3136,3136,3136,3136,3134,3136,3136,3136,3136,3135,3135,3136,3136,3136,3136,3136,3136,3136,3107,3107,3107,3107,3107,3107,3106,3134,3136,3136,3136,3136,3136,3136,3136
"HEA010200D Hospital insurance and/or supplemental medical insurance (Medicare) - total persons enrolled July 1, 2000",Pearson Correlation,.976**,.976**,-.114**,-.048**,-.132**,-.197**,-.154**,.021,-.022,.070**,.028,.065**,.054**,-.147**,-.150**,-.153**,-.159**,-.156**,.962**,-.049**,.750**,.109**,.118**,-.034,1,.999**,.714**,.959**,.959**,.752**,.751**,.345**,.936**,.791**,.784**,.333**,.249**,-.112**,.015,.984**,.978**,.974**,-.124**,-.155**,-.199**,-.108**,.128**,.043*,.066**,.018,-.151**,.374**,.369**,.973**,.973**,.978**,.970**,.792**,.998**,.893**
,Sig. (2-tailed),0.000,0.000,.000,.007,.000,.000,.000,.239,.214,.000,.123,.000,.002,.000,.000,.000,.000,.000,0.000,.006,0.000,.000,.000,.054,,0.000,0.000,0.000,0.000,0.000,0.000,.000,0.000,0.000,0.000,.000,.000,.000,.417,0.000,0.000,0.000,.000,.000,.000,.000,.000,.017,.000,.323,.000,.000,.000,0.000,0.000,0.000,0.000,0.000,0.000,0.000
,N,3135,3135,3136,3132,3132,3132,3106,3107,3099,3107,3107,3107,3107,3106,3106,3106,3106,3106,3136,3134,3136,3136,3132,3132,3136,3136,3108,3136,3136,3136,3136,3134,3136,3136,3136,3136,3134,3134,3136,3132,3132,3132,3132,3132,3132,3108,3108,3108,3108,3108,3108,3105,3135,3136,3136,3136,3136,3136,3136,3136
"HEA070200D Supplemental medical insurance (Medicare) - total persons enrolled July 1, 2000",Pearson Correlation,.975**,.975**,-.112**,-.048**,-.131**,-.195**,-.152**,.023,-.022,.072**,.028,.065**,.055**,-.146**,-.149**,-.151**,-.158**,-.154**,.961**,-.048**,.751**,.108**,.117**,-.035,.999**,1,.715**,.958**,.957**,.750**,.753**,.342**,.933**,.787**,.784**,.331**,.247**,-.112**,.015,.983**,.977**,.974**,-.122**,-.154**,-.198**,-.107**,.127**,.041*,.066**,.018,-.150**,.371**,.364**,.972**,.972**,.977**,.969**,.789**,.998**,.892**
,Sig. (2-tailed),0.000,0.000,.000,.008,.000,.000,.000,.208,.229,.000,.116,.000,.002,.000,.000,.000,.000,.000,0.000,.007,0.000,.000,.000,.052,0.000,,0.000,0.000,0.000,0.000,0.000,.000,0.000,0.000,0.000,.000,.000,.000,.401,0.000,0.000,0.000,.000,.000,.000,.000,.000,.021,.000,.329,.000,.000,.000,0.000,0.000,0.000,0.000,0.000,0.000,0.000
,N,3135,3135,3136,3132,3132,3132,3106,3107,3099,3107,3107,3107,3107,3106,3106,3106,3106,3106,3136,3134,3136,3136,3132,3132,3136,3136,3108,3136,3136,3136,3136,3134,3136,3136,3136,3136,3134,3134,3136,3132,3132,3132,3132,3132,3132,3108,3108,3108,3108,3108,3108,3105,3135,3136,3136,3136,3136,3136,3136,3136
HHNV1MI household without a car and greater than 1 mile drive to grocerty,Pearson Correlation,.672**,.672**,-.191**,.093**,-.052**,-.070**,-.073**,.091**,.058**,.158**,.153**,.039*,.134**,-.070**,-.070**,-.072**,-.081**,-.073**,.742**,-.025,.469**,.074**,.132**,-.099**,.714**,.715**,1,.625**,.659**,.614**,.455**,.233**,.583**,.556**,.376**,.299**,.221**,-.071**,.068**,.732**,.702**,.727**,-.027,-.088**,-.069**,-.105**,.082**,.049**,.065**,-.017,-.047**,.326**,.138**,.652**,.669**,.674**,.735**,.592**,.736**,.510**
,Sig. (2-tailed),0.000,0.000,.000,.000,.004,.000,.000,.000,.001,.000,.000,.029,.000,.000,.000,.000,.000,.000,0.000,.163,.000,.000,.000,.000,0.000,0.000,,0.000,0.000,0.000,.000,.000,.000,.000,.000,.000,.000,.000,.000,0.000,0.000,0.000,.138,.000,.000,.000,.000,.006,.000,.354,.009,.000,.000,0.000,0.000,0.000,0.000,.000,0.000,.000
,N,3107,3107,3108,3107,3107,3107,3106,3107,3099,3107,3107,3107,3107,3106,3106,3106,3106,3106,3108,3107,3108,3108,3107,3107,3108,3108,3108,3108,3108,3108,3108,3107,3108,3108,3108,3108,3107,3107,3108,3107,3107,3107,3107,3107,3107,3108,3108,3108,3108,3108,3108,3078,3108,3108,3108,3108,3108,3108,3108,3108
"HSD150200D Family households - male householder, no wife present 2000 (complete count)",Pearson Correlation,.991**,.991**,-.142**,-.039*,-.112**,-.167**,-.154**,.035,-.018,.065**,-.009,.091**,.050**,-.149**,-.151**,-.153**,-.158**,-.155**,.908**,-.029,.819**,.071**,.091**,-.036*,.959**,.958**,.625**,1,.978**,.754**,.838**,.298**,.975**,.810**,.893**,.259**,.208**,-.075**,.026,.971**,.980**,.980**,-.125**,-.137**,-.168**,-.124**,.113**,.068**,.035,-.011,-.128**,.295**,.341**,.991**,.991**,.991**,.940**,.802**,.951**,.945**
,Sig. (2-tailed),0.000,0.000,.000,.031,.000,.000,.000,.052,.325,.000,.603,.000,.005,.000,.000,.000,.000,.000,0.000,.109,0.000,.000,.000,.042,0.000,0.000,0.000,,0.000,0.000,0.000,.000,0.000,0.000,0.000,.000,.000,.000,.148,0.000,0.000,0.000,.000,.000,.000,.000,.000,.000,.051,.525,.000,.000,.000,0.000,0.000,0.000,0.000,0.000,0.000,0.000
,N,3140,3140,3140,3137,3137,3137,3107,3107,3099,3107,3107,3107,3107,3107,3107,3107,3107,3107,3141,3139,3141,3140,3136,3136,3136,3136,3108,3141,3141,3141,3141,3138,3141,3141,3141,3140,3138,3138,3140,3137,3137,3137,3137,3137,3137,3108,3108,3108,3108,3108,3108,3109,3138,3141,3140,3140,3141,3141,3141,3141
"HSD170200D Family households - female householder, no husband present 2000 (complete count)",Pearson Correlation,.973**,.973**,-.151**,-.008,-.088**,-.146**,-.145**,.039*,-.001,.073**,.019,.082**,.065**,-.140**,-.142**,-.144**,-.149**,-.146**,.907**,-.022,.823**,.061**,.099**,-.040*,.959**,.957**,.659**,.978**,1,.836**,.779**,.295**,.972**,.900**,.849**,.256**,.190**,-.053**,.013,.977**,.982**,.973**,-.097**,-.114**,-.147**,-.132**,.105**,.075**,.023,-.015,-.115**,.299**,.432**,.974**,.969**,.976**,.918**,.891**,.954**,.950**
,Sig. (2-tailed),0.000,0.000,.000,.666,.000,.000,.000,.028,.962,.000,.295,.000,.000,.000,.000,.000,.000,.000,0.000,.218,0.000,.001,.000,.025,0.000,0.000,0.000,0.000,,0.000,0.000,.000,0.000,0.000,0.000,.000,.000,.003,.468,0.000,0.000,0.000,.000,.000,.000,.000,.000,.000,.203,.411,.000,.000,.000,0.000,0.000,0.000,0.000,0.000,0.000,0.000
,N,3140,3140,3140,3137,3137,3137,3107,3107,3099,3107,3107,3107,3107,3107,3107,3107,3107,3107,3141,3139,3141,3140,3136,3136,3136,3136,3108,3141,3141,3141,3141,3138,3141,3141,3141,3140,3138,3138,3140,3137,3137,3137,3137,3137,3137,3108,3108,3108,3108,3108,3108,3109,3138,3141,3140,3140,3141,3141,3141,3141
HSG455200D Owner-occupied housing units with a householder who is Black or African American alone 2000 (complete count),Pearson Correlation,.745**,.744**,-.141**,.107**,.005,-.013,-.092**,.088**,.072**,.118**,.088**,.070**,.105**,-.090**,-.090**,-.092**,-.094**,-.091**,.729**,-.013,.646**,.018,.086**,-.053**,.752**,.750**,.614**,.754**,.836**,1,.513**,.156**,.731**,.908**,.535**,.181**,.116**,-.001,-.014,.803**,.789**,.783**,.021,-.019,-.013,-.146**,.080**,.128**,.012,-.029,-.038*,.213**,.324**,.749**,.737**,.751**,.676**,.970**,.757**,.726**
,Sig. (2-tailed),0.000,0.000,.000,.000,.761,.450,.000,.000,.000,.000,.000,.000,.000,.000,.000,.000,.000,.000,0.000,.463,0.000,.308,.000,.003,0.000,0.000,0.000,0.000,0.000,,.000,.000,0.000,0.000,.000,.000,.000,.941,.419,0.000,0.000,0.000,.247,.293,.456,.000,.000,.000,.520,.101,.036,.000,.000,0.000,0.000,0.000,0.000,0.000,0.000,0.000
,N,3140,3140,3140,3137,3137,3137,3107,3107,3099,3107,3107,3107,3107,3107,3107,3107,3107,3107,3141,3139,3141,3140,3136,3136,3136,3136,3108,3141,3141,3141,3141,3138,3141,3141,3141,3140,3138,3138,3140,3137,3137,3137,3137,3137,3137,3108,3108,3108,3108,3108,3108,3109,3138,3141,3140,3140,3141,3141,3141,3141
HSG460200D Owner-occupied housing units with Hispanic or Latino householder 2000 (complete count),Pearson Correlation,.813**,.813**,-.120**,-.056**,-.089**,-.134**,-.144**,.105**,.008,.107**,-.106**,.190**,-.011,-.142**,-.143**,-.143**,-.145**,-.141**,.685**,.038*,.709**,-.025,.036*,-.026,.751**,.753**,.455**,.838**,.779**,.513**,1,.153**,.784**,.548**,.902**,.093**,.083**,.023,.051**,.765**,.783**,.785**,-.111**,-.105**,-.137**,-.124**,.055**,.047**,-.026,-.061**,-.082**,.118**,.128**,.816**,.816**,.809**,.758**,.550**,.738**,.823**
,Sig. (2-tailed),0.000,0.000,.000,.002,.000,.000,.000,.000,.654,.000,.000,.000,.537,.000,.000,.000,.000,.000,0.000,.032,0.000,.154,.041,.143,0.000,0.000,.000,0.000,0.000,.000,,.000,0.000,.000,0.000,.000,.000,.205,.005,0.000,0.000,0.000,.000,.000,.000,.000,.002,.008,.154,.001,.000,.000,.000,0.000,0.000,0.000,0.000,.000,0.000,0.000
,N,3140,3140,3140,3137,3137,3137,3107,3107,3099,3107,3107,3107,3107,3107,3107,3107,3107,3107,3141,3139,3141,3140,3136,3136,3136,3136,3108,3141,3141,3141,3141,3138,3141,3141,3141,3140,3138,3138,3140,3137,3137,3137,3137,3137,3137,3108,3108,3108,3108,3108,3108,3109,3138,3141,3140,3140,3141,3141,3141,3141
HSG495200D Median value of specified owner-occupied housing units 2000 (sample),Pearson Correlation,.341**,.341**,-.157**,-.259**,-.430**,-.505**,-.389**,-.226**,-.337**,-.141**,.042*,-.212**,.041*,-.373**,-.374**,-.381**,-.396**,-.411**,.401**,-.199**,.171**,.408**,.270**,.194**,.345**,.342**,.233**,.298**,.295**,.156**,.153**,1,.345**,.229**,.224**,.773**,.687**,-.433**,.022,.339**,.327**,.328**,-.428**,-.485**,-.500**,-.141**,.310**,.114**,.200**,.099**,-.346**,.737**,.421**,.331**,.341**,.341**,.375**,.198**,.347**,.254**
,Sig. (2-tailed),.000,.000,.000,.000,.000,.000,.000,.000,.000,.000,.019,.000,.023,.000,.000,.000,.000,.000,.000,.000,.000,.000,.000,.000,.000,.000,.000,.000,.000,.000,.000,,.000,.000,.000,0.000,0.000,.000,.213,.000,.000,.000,.000,.000,.000,.000,.000,.000,.000,.000,.000,0.000,.000,.000,.000,.000,.000,.000,.000,.000
,N,3137,3137,3138,3134,3134,3134,3105,3106,3098,3106,3106,3106,3106,3105,3105,3105,3105,3105,3138,3137,3138,3138,3134,3134,3134,3134,3107,3138,3138,3138,3138,3138,3138,3138,3138,3138,3137,3137,3138,3134,3134,3134,3134,3134,3134,3107,3107,3107,3107,3107,3107,3108,3136,3138,3138,3138,3138,3138,3138,3138
HSG680200D Renter-occupied housing units 2000 (complete count),Pearson Correlation,.968**,.967**,-.143**,-.040*,-.110**,-.178**,-.166**,.023,-.019,.052**,-.002,.077**,.042*,-.161**,-.163**,-.165**,-.170**,-.166**,.890**,-.029,.821**,.070**,.099**,-.017,.936**,.933**,.583**,.975**,.972**,.731**,.784**,.345**,1,.851**,.900**,.267**,.189**,-.060**,.015,.947**,.960**,.948**,-.126**,-.134**,-.181**,-.127**,.102**,.065**,.008,-.025,-.129**,.319**,.499**,.970**,.966**,.969**,.905**,.812**,.923**,.954**
,Sig. (2-tailed),0.000,0.000,.000,.024,.000,.000,.000,.196,.300,.004,.905,.000,.018,.000,.000,.000,.000,.000,0.000,.099,0.000,.000,.000,.346,0.000,0.000,.000,0.000,0.000,0.000,0.000,.000,,0.000,0.000,.000,.000,.001,.398,0.000,0.000,0.000,.000,.000,.000,.000,.000,.000,.657,.168,.000,.000,.000,0.000,0.000,0.000,0.000,0.000,0.000,0.000
,N,3140,3140,3140,3137,3137,3137,3107,3107,3099,3107,3107,3107,3107,3107,3107,3107,3107,3107,3141,3139,3141,3140,3136,3136,3136,3136,3108,3141,3141,3141,3141,3138,3141,3141,3141,3140,3138,3138,3140,3137,3137,3137,3137,3137,3137,3108,3108,3108,3108,3108,3108,3109,3138,3141,3140,3140,3141,3141,3141,3141
HSG695200D Renter-occupied housing units with a householder who is Black or African American alone 2000 (complete count),Pearson Correlation,.796**,.795**,-.135**,.055**,-.018,-.068**,-.104**,.045*,.035*,.073**,.058**,.056**,.083**,-.101**,-.103**,-.104**,-.105**,-.104**,.748**,-.006,.756**,.020,.086**,-.028,.791**,.787**,.556**,.810**,.900**,.908**,.548**,.229**,.851**,1,.672**,.189**,.103**,.004,-.011,.836**,.840**,.813**,-.024,-.040*,-.069**,-.137**,.081**,.107**,-.015,-.032,-.070**,.237**,.552**,.803**,.788**,.803**,.708**,.979**,.785**,.832**
,Sig. (2-tailed),0.000,0.000,.000,.002,.314,.000,.000,.012,.049,.000,.001,.002,.000,.000,.000,.000,.000,.000,0.000,.732,0.000,.259,.000,.117,0.000,0.000,.000,0.000,0.000,0.000,.000,.000,0.000,,0.000,.000,.000,.828,.541,0.000,0.000,0.000,.172,.025,.000,.000,.000,.000,.402,.078,.000,.000,.000,0.000,0.000,0.000,0.000,0.000,0.000,0.000
,N,3140,3140,3140,3137,3137,3137,3107,3107,3099,3107,3107,3107,3107,3107,3107,3107,3107,3107,3141,3139,3141,3140,3136,3136,3136,3136,3108,3141,3141,3141,3141,3138,3141,3141,3141,3140,3138,3138,3140,3137,3137,3137,3137,3137,3137,3108,3108,3108,3108,3108,3108,3109,3138,3141,3140,3140,3141,3141,3141,3141
HSG700200D Renter-occupied housing units with Hispanic or Latino householder 2000 (complete count),Pearson Correlation,.855**,.855**,-.101**,-.044*,-.067**,-.133**,-.128**,.051**,-.011,.059**,-.057**,.114**,.015,-.127**,-.127**,-.128**,-.130**,-.127**,.704**,.025,.780**,-.016,.040*,-.012,.784**,.784**,.376**,.893**,.849**,.535**,.902**,.224**,.900**,.672**,1,.116**,.080**,.012,.030,.795**,.829**,.811**,-.096**,-.082**,-.136**,-.123**,.060**,.055**,-.042*,-.060**,-.092**,.155**,.372**,.861**,.857**,.853**,.756**,.623**,.761**,.917**
,Sig. (2-tailed),0.000,0.000,.000,.015,.000,.000,.000,.005,.541,.001,.001,.000,.412,.000,.000,.000,.000,.000,0.000,.160,0.000,.368,.027,.495,0.000,0.000,.000,0.000,0.000,.000,0.000,.000,0.000,0.000,,.000,.000,.515,.096,0.000,0.000,0.000,.000,.000,.000,.000,.001,.002,.018,.001,.000,.000,.000,0.000,0.000,0.000,0.000,0.000,0.000,0.000
,N,3140,3140,3140,3137,3137,3137,3107,3107,3099,3107,3107,3107,3107,3107,3107,3107,3107,3107,3141,3139,3141,3140,3136,3136,3136,3136,3108,3141,3141,3141,3141,3138,3141,3141,3141,3140,3138,3138,3140,3137,3137,3137,3137,3137,3137,3108,3108,3108,3108,3108,3108,3109,3138,3141,3140,3140,3141,3141,3141,3141
INC910199D Per capita income in 1999,Pearson Correlation,.317**,.317**,.061**,-.369**,-.489**,-.516**,-.435**,-.244**,-.190**,-.178**,.041*,-.242**,.050**,-.416**,-.419**,-.426**,-.447**,-.457**,.430**,-.457**,.139**,.626**,.270**,.204**,.333**,.331**,.299**,.259**,.256**,.181**,.093**,.773**,.267**,.189**,.116**,1,.887**,-.724**,-.035*,.328**,.308**,.324**,-.444**,-.515**,-.507**,-.001,.324**,.097**,.282**,.191**,-.315**,.911**,.228**,.305**,.316**,.317**,.389**,.186**,.341**,.154**
,Sig. (2-tailed),.000,.000,.001,.000,.000,.000,.000,.000,.000,.000,.022,.000,.005,.000,.000,.000,.000,.000,.000,.000,.000,0.000,.000,.000,.000,.000,.000,.000,.000,.000,.000,0.000,.000,.000,.000,,0.000,0.000,.047,.000,.000,.000,.000,.000,.000,.977,.000,.000,.000,.000,.000,0.000,.000,.000,.000,.000,.000,.000,.000,.000
,N,3139,3139,3140,3136,3136,3136,3106,3107,3099,3107,3107,3107,3107,3106,3106,3106,3106,3106,3140,3138,3140,3140,3136,3136,3136,3136,3108,3140,3140,3140,3140,3138,3140,3140,3140,3140,3138,3138,3140,3136,3136,3136,3136,3136,3136,3108,3108,3108,3108,3108,3108,3109,3138,3140,3140,3140,3140,3140,3140,3140
IPE010200D Median household income 2000,Pearson Correlation,.262**,.262**,-.142**,-.378**,-.495**,-.458**,-.437**,-.270**,-.189**,-.224**,-.030,-.227**,.067**,-.417**,-.420**,-.427**,-.448**,-.461**,.342**,-.474**,.090**,.639**,.171**,.066**,.249**,.247**,.221**,.208**,.190**,.116**,.083**,.687**,.189**,.103**,.080**,.887**,1,-.792**,.005,.260**,.247**,.272**,-.539**,-.545**,-.439**,.052**,.363**,.098**,.371**,.288**,-.323**,.808**,.113**,.248**,.263**,.261**,.333**,.112**,.260**,.094**
,Sig. (2-tailed),.000,.000,.000,.000,.000,.000,.000,.000,.000,.000,.091,.000,.000,.000,.000,.000,.000,.000,.000,.000,.000,0.000,.000,.000,.000,.000,.000,.000,.000,.000,.000,0.000,.000,.000,.000,0.000,,0.000,.763,.000,.000,.000,.000,.000,.000,.004,.000,.000,.000,.000,.000,0.000,.000,.000,.000,.000,.000,.000,.000,.000
,N,3138,3138,3138,3135,3135,3135,3106,3106,3098,3106,3106,3106,3106,3106,3106,3106,3106,3106,3138,3138,3138,3138,3135,3135,3134,3134,3107,3138,3138,3138,3138,3137,3138,3138,3138,3138,3138,3138,3138,3135,3135,3135,3135,3135,3135,3107,3107,3107,3107,3107,3107,3109,3136,3138,3138,3138,3138,3138,3138,3138
IPE120200D People of all ages in poverty - percent 2000,Pearson Correlation,-.106**,-.106**,-.169**,.508**,.492**,.433**,.311**,.471**,.254**,.437**,.078**,.406**,-.030,.289**,.293**,.302**,.325**,.339**,-.178**,.621**,-.006,-.752**,-.120**,-.187**,-.112**,-.112**,-.071**,-.075**,-.053**,-.001,.023,-.433**,-.060**,.004,.012,-.724**,-.792**,1,.043*,-.107**,-.097**,-.114**,.493**,.486**,.416**,-.330**,-.326**,.079**,-.459**,-.411**,.307**,-.643**,-.014,-.095**,-.107**,-.105**,-.166**,.003,-.120**,.017
,Sig. (2-tailed),.000,.000,.000,.000,.000,.000,.000,.000,.000,.000,.000,.000,.097,.000,.000,.000,.000,.000,.000,0.000,.755,0.000,.000,.000,.000,.000,.000,.000,.003,.941,.205,.000,.001,.828,.515,0.000,0.000,,.015,.000,.000,.000,.000,.000,.000,.000,.000,.000,.000,.000,.000,0.000,.438,.000,.000,.000,.000,.879,.000,.347
,N,3138,3138,3138,3135,3135,3135,3106,3106,3098,3106,3106,3106,3106,3106,3106,3106,3106,3106,3138,3138,3138,3138,3135,3135,3134,3134,3107,3138,3138,3138,3138,3137,3138,3138,3138,3138,3138,3138,3138,3135,3135,3135,3135,3135,3135,3107,3107,3107,3107,3107,3107,3109,3136,3138,3138,3138,3138,3138,3138,3138
LND110200D Land area in square miles 2000,Pearson Correlation,.020,.020,-.102**,-.135**,-.088**,-.071**,-.180**,-.102**,-.339**,-.146**,-.467**,.254**,-.296**,-.176**,-.183**,-.182**,-.177**,-.178**,-.004,.197**,.017,.036*,-.029,.024,.015,.015,.068**,.026,.013,-.014,.051**,.022,.015,-.011,.030,-.035*,.005,.043*,1,.013,.015,.018,-.166**,-.099**,-.070**,-.036*,.014,-.124**,-.018,.038*,-.272**,-.020,-.041*,.020,.021,.019,.017,-.012,.014,.018
,Sig. (2-tailed),.262,.258,.000,.000,.000,.000,.000,.000,.000,.000,.000,.000,.000,.000,.000,.000,.000,.000,.815,.000,.329,.046,.101,.182,.417,.401,.000,.148,.468,.419,.005,.213,.398,.541,.096,.047,.763,.015,,.459,.405,.308,.000,.000,.000,.046,.431,.000,.322,.034,.000,.267,.022,.253,.230,.293,.341,.504,.433,.323
,N,3139,3139,3140,3136,3136,3136,3106,3107,3099,3107,3107,3107,3107,3106,3106,3106,3106,3106,3140,3138,3140,3140,3136,3136,3136,3136,3108,3140,3140,3140,3140,3138,3140,3140,3140,3140,3138,3138,3140,3136,3136,3136,3136,3136,3136,3108,3108,3108,3108,3108,3108,3109,3138,3140,3140,3140,3140,3140,3140,3140
number2004diabetes number of people with diabetes in the county 2004,Pearson Correlation,.984**,.984**,-.148**,-.012,-.116**,-.172**,-.160**,.047**,.000,.093**,.037*,.081**,.073**,-.154**,-.156**,-.159**,-.165**,-.161**,.954**,-.050**,.775**,.102**,.115**,-.048**,.984**,.983**,.732**,.971**,.977**,.803**,.765**,.339**,.947**,.836**,.795**,.328**,.260**,-.107**,.013,1,.993**,.992**,-.108**,-.144**,-.173**,-.134**,.128**,.076**,.052**,-.003,-.131**,.365**,.379**,.980**,.982**,.985**,.966**,.841**,.985**,.898**
,Sig. (2-tailed),0.000,0.000,.000,.496,.000,.000,.000,.009,.984,.000,.040,.000,.000,.000,.000,.000,.000,.000,0.000,.005,0.000,.000,.000,.007,0.000,0.000,0.000,0.000,0.000,0.000,0.000,.000,0.000,0.000,0.000,.000,.000,.000,.459,,0.000,0.000,.000,.000,.000,.000,.000,.000,.004,.870,.000,.000,.000,0.000,0.000,0.000,0.000,0.000,0.000,0.000
,N,3137,3137,3136,3137,3137,3137,3107,3106,3098,3106,3106,3106,3106,3107,3107,3107,3107,3107,3137,3136,3137,3136,3136,3136,3132,3132,3107,3137,3137,3137,3137,3134,3137,3137,3137,3136,3135,3135,3136,3137,3137,3137,3137,3137,3137,3107,3107,3107,3107,3107,3107,3106,3134,3137,3136,3136,3137,3137,3137,3137
numberleisuretimephysicalinactivityprevalence2004 number leisure time physical inactivity prevalence 2004,Pearson Correlation,.987**,.987**,-.153**,-.020,-.093**,-.169**,-.152**,.049**,.007,.091**,.035,.083**,.075**,-.146**,-.148**,-.151**,-.157**,-.153**,.942**,-.044*,.795**,.088**,.107**,-.050**,.978**,.977**,.702**,.980**,.982**,.789**,.783**,.327**,.960**,.840**,.829**,.308**,.247**,-.097**,.015,.993**,1,.990**,-.117**,-.122**,-.170**,-.135**,.116**,.072**,.040*,-.004,-.124**,.345**,.394**,.985**,.985**,.988**,.960**,.838**,.977**,.916**
,Sig. (2-tailed),0.000,0.000,.000,.274,.000,.000,.000,.007,.678,.000,.053,.000,.000,.000,.000,.000,.000,.000,0.000,.013,0.000,.000,.000,.005,0.000,0.000,0.000,0.000,0.000,0.000,0.000,.000,0.000,0.000,0.000,.000,.000,.000,.405,0.000,,0.000,.000,.000,.000,.000,.000,.000,.026,.821,.000,.000,.000,0.000,0.000,0.000,0.000,0.000,0.000,0.000
,N,3137,3137,3136,3137,3137,3137,3107,3106,3098,3106,3106,3106,3106,3107,3107,3107,3107,3107,3137,3136,3137,3136,3136,3136,3132,3132,3107,3137,3137,3137,3137,3134,3137,3137,3137,3136,3135,3135,3136,3137,3137,3137,3137,3137,3137,3107,3107,3107,3107,3107,3107,3106,3134,3137,3136,3136,3137,3137,3137,3137
numberobesityprevalence2004 number obesity prevalence 2004,Pearson Correlation,.992**,.992**,-.167**,-.029,-.127**,-.167**,-.171**,.041*,-.003,.081**,.020,.083**,.072**,-.165**,-.167**,-.170**,-.176**,-.173**,.948**,-.052**,.785**,.109**,.113**,-.052**,.974**,.974**,.727**,.980**,.973**,.783**,.785**,.328**,.948**,.813**,.811**,.324**,.272**,-.114**,.018,.992**,.990**,1,-.134**,-.157**,-.167**,-.128**,.130**,.079**,.063**,.006,-.129**,.357**,.331**,.988**,.991**,.992**,.972**,.817**,.975**,.899**
,Sig. (2-tailed),0.000,0.000,.000,.108,.000,.000,.000,.022,.854,.000,.255,.000,.000,.000,.000,.000,.000,.000,0.000,.003,0.000,.000,.000,.004,0.000,0.000,0.000,0.000,0.000,0.000,0.000,.000,0.000,0.000,0.000,.000,.000,.000,.308,0.000,0.000,,.000,.000,.000,.000,.000,.000,.000,.749,.000,.000,.000,0.000,0.000,0.000,0.000,0.000,0.000,0.000
,N,3137,3137,3136,3137,3137,3137,3107,3106,3098,3106,3106,3106,3106,3107,3107,3107,3107,3107,3137,3136,3137,3136,3136,3136,3132,3132,3107,3137,3137,3137,3137,3134,3137,3137,3137,3136,3135,3135,3136,3137,3137,3137,3137,3137,3137,3107,3107,3107,3107,3107,3107,3106,3134,3137,3136,3136,3137,3137,3137,3137
percent2004diabetes percent diabetes in the county 2004,Pearson Correlation,-.147**,-.148**,.200**,.871**,.685**,.761**,.523**,.412**,.412**,.449**,.429**,.119**,.330**,.502**,.511**,.518**,.531**,.537**,-.166**,.297**,-.060**,-.553**,-.140**,-.235**,-.124**,-.122**,-.027,-.125**,-.097**,.021,-.111**,-.428**,-.126**,-.024,-.096**,-.444**,-.539**,.493**,-.166**,-.108**,-.117**,-.134**,1,.719**,.751**,-.192**,-.228**,.145**,-.248**,-.297**,.502**,-.402**,-.057**,-.146**,-.150**,-.145**,-.185**,-.006,-.124**,-.059**
,Sig. (2-tailed),.000,.000,.000,0.000,0.000,0.000,.000,.000,.000,.000,.000,.000,.000,.000,.000,.000,.000,.000,.000,.000,.001,.000,.000,.000,.000,.000,.138,.000,.000,.247,.000,.000,.000,.172,.000,.000,.000,.000,.000,.000,.000,.000,,0.000,0.000,.000,.000,.000,.000,.000,.000,.000,.001,.000,.000,.000,.000,.728,.000,.001
,N,3137,3137,3136,3137,3137,3137,3107,3106,3098,3106,3106,3106,3106,3107,3107,3107,3107,3107,3137,3136,3137,3136,3136,3136,3132,3132,3107,3137,3137,3137,3137,3134,3137,3137,3137,3136,3135,3135,3136,3137,3137,3137,3137,3137,3137,3107,3107,3107,3107,3107,3107,3106,3134,3137,3136,3136,3137,3137,3137,3137
percentleisuretimephysicalinactivityprevalence2004 percent leisure time physical inactivity prevalence 2004,Pearson Correlation,-.163**,-.164**,.052**,.675**,.989**,.693**,.637**,.458**,.508**,.464**,.452**,.168**,.364**,.623**,.631**,.632**,.639**,.641**,-.194**,.240**,-.070**,-.623**,-.167**,-.297**,-.155**,-.154**,-.088**,-.137**,-.114**,-.019,-.105**,-.485**,-.134**,-.040*,-.082**,-.515**,-.545**,.486**,-.099**,-.144**,-.122**,-.157**,.719**,1,.684**,-.188**,-.299**,.102**,-.277**,-.252**,.581**,-.461**,-.051**,-.158**,-.166**,-.162**,-.206**,-.030,-.157**,-.063**
,Sig. (2-tailed),.000,.000,.004,0.000,0.000,0.000,0.000,.000,.000,.000,.000,.000,.000,0.000,0.000,0.000,0.000,0.000,.000,.000,.000,0.000,.000,.000,.000,.000,.000,.000,.000,.293,.000,.000,.000,.025,.000,.000,.000,.000,.000,.000,.000,.000,0.000,,0.000,.000,.000,.000,.000,.000,.000,.000,.004,.000,.000,.000,.000,.089,.000,.000
,N,3137,3137,3136,3137,3137,3137,3107,3106,3098,3106,3106,3106,3106,3107,3107,3107,3107,3107,3137,3136,3137,3136,3136,3136,3132,3132,3107,3137,3137,3137,3137,3134,3137,3137,3137,3136,3135,3135,3136,3137,3137,3137,3137,3137,3137,3107,3107,3107,3107,3107,3107,3106,3134,3137,3136,3136,3137,3137,3137,3137
percentobesity2004 percent obesity 2004,Pearson Correlation,-.194**,-.194**,-.115**,.770**,.691**,.997**,.514**,.328**,.480**,.332**,.373**,.053**,.340**,.494**,.501**,.507**,.525**,.528**,-.230**,.287**,-.095**,-.480**,-.190**,-.355**,-.199**,-.198**,-.069**,-.168**,-.147**,-.013,-.137**,-.500**,-.181**,-.069**,-.136**,-.507**,-.439**,.416**,-.070**,-.173**,-.170**,-.167**,.751**,.684**,1,-.048**,-.206**,.111**,-.118**,-.139**,.528**,-.451**,-.129**,-.193**,-.195**,-.193**,-.233**,-.046**,-.199**,-.108**
,Sig. (2-tailed),.000,.000,.000,0.000,0.000,0.000,.000,.000,.000,.000,.000,.003,.000,.000,.000,.000,.000,.000,.000,.000,.000,.000,.000,.000,.000,.000,.000,.000,.000,.456,.000,.000,.000,.000,.000,.000,.000,.000,.000,.000,.000,.000,0.000,0.000,,.007,.000,.000,.000,.000,.000,.000,.000,.000,.000,.000,.000,.010,.000,.000
,N,3137,3137,3136,3137,3137,3137,3107,3106,3098,3106,3106,3106,3106,3107,3107,3107,3107,3107,3137,3136,3137,3136,3136,3136,3132,3132,3107,3137,3137,3137,3137,3134,3137,3137,3137,3136,3135,3135,3136,3137,3137,3137,3137,3137,3137,3107,3107,3107,3107,3107,3107,3106,3134,3137,3136,3136,3137,3137,3137,3137
"PH_FATS Pounds of solid fats purchased per household of the region during the year. Solid fats include, for example, butter and margarine",Pearson Correlation,-.126**,-.126**,.166**,-.311**,-.229**,-.064**,-.014,-.614**,-.243**,-.606**,-.158**,-.472**,-.071**,-.007,-.013,-.018,-.013,-.017,-.087**,-.127**,-.117**,.383**,-.073**,.172**,-.108**,-.107**,-.105**,-.124**,-.132**,-.146**,-.124**,-.141**,-.127**,-.137**,-.123**,-.001,.052**,-.330**,-.036*,-.134**,-.135**,-.128**,-.192**,-.188**,-.048**,1,.277**,-.378**,.524**,.664**,-.059**,.018,-.126**,-.127**,-.126**,-.125**,-.101**,-.145**,-.110**,-.130**
,Sig. (2-tailed),.000,.000,.000,.000,.000,.000,.446,0.000,.000,0.000,.000,.000,.000,.678,.480,.320,.456,.358,.000,.000,.000,.000,.000,.000,.000,.000,.000,.000,.000,.000,.000,.000,.000,.000,.000,.977,.004,.000,.046,.000,.000,.000,.000,.000,.007,,.000,.000,.000,0.000,.001,.320,.000,.000,.000,.000,.000,.000,.000,.000
,N,3107,3107,3108,3107,3107,3107,3106,3107,3099,3107,3107,3107,3107,3106,3106,3106,3106,3106,3108,3107,3108,3108,3107,3107,3108,3108,3108,3108,3108,3108,3108,3107,3108,3108,3108,3108,3107,3107,3108,3107,3107,3107,3107,3107,3107,3108,3108,3108,3108,3108,3108,3078,3108,3108,3108,3108,3108,3108,3108,3108
PH_FRUVEG pounds per household fruit veg 2006 regional levels of consumption from usda atlas data,Pearson Correlation,.125**,.125**,.004,-.181**,-.289**,-.221**,-.140**,-.338**,-.313**,-.268**,-.061**,-.262**,.178**,-.124**,-.128**,-.133**,-.143**,-.168**,.157**,-.097**,.055**,.247**,.085**,.088**,.128**,.127**,.082**,.113**,.105**,.080**,.055**,.310**,.102**,.081**,.060**,.324**,.363**,-.326**,.014,.128**,.116**,.130**,-.228**,-.299**,-.206**,.277**,1,.558**,.684**,.594**,-.376**,.264**,.089**,.119**,.125**,.125**,.137**,.081**,.127**,.082**
,Sig. (2-tailed),.000,.000,.815,.000,.000,.000,.000,.000,.000,.000,.001,.000,.000,.000,.000,.000,.000,.000,.000,.000,.002,.000,.000,.000,.000,.000,.000,.000,.000,.000,.002,.000,.000,.000,.001,.000,.000,.000,.431,.000,.000,.000,.000,.000,.000,.000,,.000,0.000,.000,.000,.000,.000,.000,.000,.000,.000,.000,.000,.000
,N,3107,3107,3108,3107,3107,3107,3106,3107,3099,3107,3107,3107,3107,3106,3106,3106,3106,3106,3108,3107,3108,3108,3107,3107,3108,3108,3108,3108,3108,3108,3108,3107,3108,3108,3108,3108,3107,3107,3108,3107,3107,3107,3107,3107,3107,3108,3108,3108,3108,3108,3108,3078,3108,3108,3108,3108,3108,3108,3108,3108
PH_MEAT pounds of meat,Pearson Correlation,.069**,.069**,-.096**,.244**,.132**,.110**,.044*,.272**,.128**,.302**,.178**,.118**,.340**,.048**,.049**,.052**,.044*,.026,.060**,.045*,.043*,-.220**,.058**,-.112**,.043*,.041*,.049**,.068**,.075**,.128**,.047**,.114**,.065**,.107**,.055**,.097**,.098**,.079**,-.124**,.076**,.072**,.079**,.145**,.102**,.111**,-.378**,.558**,1,.028,-.091**,.036*,.046*,.102**,.069**,.069**,.069**,.042*,.117**,.042*,.065**
,Sig. (2-tailed),.000,.000,.000,.000,.000,.000,.015,.000,.000,.000,.000,.000,.000,.008,.007,.004,.015,.155,.001,.013,.015,.000,.001,.000,.017,.021,.006,.000,.000,.000,.008,.000,.000,.000,.002,.000,.000,.000,.000,.000,.000,.000,.000,.000,.000,.000,.000,,.117,.000,.043,.011,.000,.000,.000,.000,.020,.000,.020,.000
,N,3107,3107,3108,3107,3107,3107,3106,3107,3099,3107,3107,3107,3107,3106,3106,3106,3106,3106,3108,3107,3108,3108,3107,3107,3108,3108,3108,3108,3108,3108,3108,3107,3108,3108,3108,3108,3107,3107,3108,3107,3107,3107,3107,3107,3107,3108,3108,3108,3108,3108,3108,3078,3108,3108,3108,3108,3108,3108,3108,3108
"PH_PREPFOOD Pounds of prepared foods purchased per household of the region during the year. Prepared foods include, for example, ice cream and frozen desserts; packaged sweets/baked goods; ready-to-eat bakery items; frozen entrees and sides; canned soups, sauces and",Pearson Correlation,.052**,.052**,.008,-.232**,-.276**,-.133**,-.079**,-.500**,-.274**,-.443**,-.056**,-.416**,.125**,-.063**,-.069**,-.078**,-.085**,-.098**,.117**,-.162**,-.016,.384**,.027,.064**,.066**,.066**,.065**,.035,.023,.012,-.026,.200**,.008,-.015,-.042*,.282**,.371**,-.459**,-.018,.052**,.040*,.063**,-.248**,-.277**,-.118**,.524**,.684**,.028,1,.866**,-.188**,.233**,-.058**,.044*,.053**,.052**,.094**,-.005,.070**,-.017
,Sig. (2-tailed),.004,.004,.672,.000,.000,.000,.000,.000,.000,.000,.002,.000,.000,.000,.000,.000,.000,.000,.000,.000,.379,.000,.128,.000,.000,.000,.000,.051,.203,.520,.154,.000,.657,.402,.018,.000,.000,.000,.322,.004,.026,.000,.000,.000,.000,.000,0.000,.117,,0.000,.000,.000,.001,.014,.003,.004,.000,.796,.000,.337
,N,3107,3107,3108,3107,3107,3107,3106,3107,3099,3107,3107,3107,3107,3106,3106,3106,3106,3106,3108,3107,3108,3108,3107,3107,3108,3108,3108,3108,3108,3108,3108,3107,3108,3108,3108,3108,3107,3107,3108,3107,3107,3107,3107,3107,3107,3108,3108,3108,3108,3108,3108,3078,3108,3108,3108,3108,3108,3108,3108,3108
"PH_SNACKS Pounds of packaged sweet snacks purchased per household of the region during the year. Packaged sweet snacks include, for example, cookies and candy bars.",Pearson Correlation,.004,.004,.031,-.338**,-.271**,-.156**,-.156**,-.584**,-.316**,-.577**,-.227**,-.379**,-.007,-.142**,-.147**,-.159**,-.160**,-.166**,.070**,-.162**,-.054**,.416**,.005,.127**,.018,.018,-.017,-.011,-.015,-.029,-.061**,.099**,-.025,-.032,-.060**,.191**,.288**,-.411**,.038*,-.003,-.004,.006,-.297**,-.252**,-.139**,.664**,.594**,-.091**,.866**,1,-.187**,.199**,-.032,.003,.004,.005,.038*,-.032,.019,-.047**
,Sig. (2-tailed),.810,.818,.085,.000,.000,.000,.000,.000,.000,.000,.000,.000,.702,.000,.000,.000,.000,.000,.000,.000,.003,.000,.789,.000,.323,.329,.354,.525,.411,.101,.001,.000,.168,.078,.001,.000,.000,.000,.034,.870,.821,.749,.000,.000,.000,0.000,.000,.000,0.000,,.000,.000,.076,.849,.830,.781,.032,.075,.286,.008
,N,3107,3107,3108,3107,3107,3107,3106,3107,3099,3107,3107,3107,3107,3106,3106,3106,3106,3106,3108,3107,3108,3108,3107,3107,3108,3108,3108,3108,3108,3108,3108,3107,3108,3108,3108,3108,3107,3107,3108,3107,3107,3107,3107,3107,3107,3108,3108,3108,3108,3108,3108,3078,3108,3108,3108,3108,3108,3108,3108,3108
"PH_SODA Gallons of soft drinks purchased per household of the region during the year. Soft drinks include sodas (diet and caloric-sweetened carbonated beverages), fruit drinks (less than 100% fruit juice), poweraids, and other drinks other than water",Pearson Correlation,-.139**,-.139**,-.091**,.535**,.593**,.532**,.444**,.351**,.434**,.354**,.357**,.078**,.440**,.432**,.443**,.441**,.440**,.454**,-.158**,.197**,-.087**,-.435**,-.088**,-.266**,-.151**,-.150**,-.047**,-.128**,-.115**,-.038*,-.082**,-.346**,-.129**,-.070**,-.092**,-.315**,-.323**,.307**,-.272**,-.131**,-.124**,-.129**,.502**,.581**,.528**,-.059**,-.376**,.036*,-.188**,-.187**,1,-.300**,-.115**,-.140**,-.139**,-.139**,-.159**,-.058**,-.151**,-.087**
,Sig. (2-tailed),.000,.000,.000,.000,.000,.000,.000,.000,.000,.000,.000,.000,.000,.000,.000,.000,.000,.000,.000,.000,.000,.000,.000,.000,.000,.000,.009,.000,.000,.036,.000,.000,.000,.000,.000,.000,.000,.000,.000,.000,.000,.000,.000,.000,.000,.001,.000,.043,.000,.000,,.000,.000,.000,.000,.000,.000,.001,.000,.000
,N,3107,3107,3108,3107,3107,3107,3106,3107,3099,3107,3107,3107,3107,3106,3106,3106,3106,3106,3108,3107,3108,3108,3107,3107,3108,3108,3108,3108,3108,3108,3108,3107,3108,3108,3108,3108,3107,3107,3108,3107,3107,3107,3107,3107,3107,3108,3108,3108,3108,3108,3108,3078,3108,3108,3108,3108,3108,3108,3108,3108
PIN020200D Per capita personal income 2000,Pearson Correlation,.354**,.355**,.024,-.348**,-.443**,-.461**,-.422**,-.237**,-.165**,-.192**,-.014,-.196**,-.006,-.403**,-.406**,-.414**,-.433**,-.441**,.474**,-.419**,.168**,.564**,.254**,.176**,.374**,.371**,.326**,.295**,.299**,.213**,.118**,.737**,.319**,.237**,.155**,.911**,.808**,-.643**,-.020,.365**,.345**,.357**,-.402**,-.461**,-.451**,.018,.264**,.046*,.233**,.199**,-.300**,1,.295**,.346**,.353**,.355**,.422**,.226**,.380**,.200**
,Sig. (2-tailed),.000,.000,.179,.000,.000,.000,.000,.000,.000,.000,.429,.000,.742,.000,.000,.000,.000,.000,.000,.000,.000,.000,.000,.000,.000,.000,.000,.000,.000,.000,.000,0.000,.000,.000,.000,0.000,0.000,0.000,.267,.000,.000,.000,.000,.000,.000,.320,.000,.011,.000,.000,.000,,.000,.000,.000,.000,.000,.000,.000,.000
,N,3109,3109,3109,3106,3106,3106,3078,3077,3069,3077,3077,3077,3077,3078,3078,3078,3078,3078,3109,3109,3109,3109,3106,3106,3105,3105,3078,3109,3109,3109,3109,3108,3109,3109,3109,3109,3109,3109,3109,3106,3106,3106,3106,3106,3106,3078,3078,3078,3078,3078,3078,3109,3107,3109,3109,3109,3109,3109,3109,3109
POP060200D Population per square mile 2000,Pearson Correlation,.346**,.345**,-.082**,.001,-.035*,-.125**,-.088**,-.026,-.015,.009,.058**,-.011,.056**,-.085**,-.086**,-.088**,-.090**,-.091**,.344**,-.019,.325**,.025,.106**,.041*,.369**,.364**,.138**,.341**,.432**,.324**,.128**,.421**,.499**,.552**,.372**,.228**,.113**,-.014,-.041*,.379**,.394**,.331**,-.057**,-.051**,-.129**,-.126**,.089**,.102**,-.058**,-.032,-.115**,.295**,1,.353**,.337**,.353**,.296**,.454**,.357**,.443**
,Sig. (2-tailed),.000,.000,.000,.964,.048,.000,.000,.154,.397,.625,.001,.538,.002,.000,.000,.000,.000,.000,.000,.276,.000,.170,.000,.021,.000,.000,.000,.000,.000,.000,.000,.000,.000,.000,.000,.000,.000,.438,.022,.000,.000,.000,.001,.004,.000,.000,.000,.000,.001,.076,.000,.000,,.000,.000,.000,.000,.000,.000,.000
,N,3137,3137,3138,3134,3134,3134,3106,3107,3099,3107,3107,3107,3107,3106,3106,3106,3106,3106,3138,3136,3138,3138,3134,3134,3135,3135,3108,3138,3138,3138,3138,3136,3138,3138,3138,3138,3136,3136,3138,3134,3134,3134,3134,3134,3134,3108,3108,3108,3108,3108,3108,3107,3138,3138,3138,3138,3138,3138,3138,3138
POP110200D Urban population 2000 (sample),Pearson Correlation,.998**,.998**,-.147**,-.057**,-.133**,-.192**,-.187**,.032,-.019,.063**,-.015,.093**,.043*,-.181**,-.183**,-.186**,-.191**,-.188**,.941**,-.047**,.789**,.097**,.103**,-.029,.973**,.972**,.652**,.991**,.974**,.749**,.816**,.331**,.970**,.803**,.861**,.305**,.248**,-.095**,.020,.980**,.985**,.988**,-.146**,-.158**,-.193**,-.127**,.119**,.069**,.044*,.003,-.140**,.346**,.353**,1,.998**,.998**,.966**,.796**,.967**,.921**
,Sig. (2-tailed),0.000,0.000,.000,.001,.000,.000,.000,.078,.294,.000,.413,.000,.016,.000,.000,.000,.000,.000,0.000,.009,0.000,.000,.000,.101,0.000,0.000,0.000,0.000,0.000,0.000,0.000,.000,0.000,0.000,0.000,.000,.000,.000,.253,0.000,0.000,0.000,.000,.000,.000,.000,.000,.000,.014,.849,.000,.000,.000,,0.000,0.000,0.000,0.000,0.000,0.000
,N,3140,3140,3140,3137,3137,3137,3107,3107,3099,3107,3107,3107,3107,3107,3107,3107,3107,3107,3141,3139,3141,3140,3136,3136,3136,3136,3108,3141,3141,3141,3141,3138,3141,3141,3141,3140,3138,3138,3140,3137,3137,3137,3137,3137,3137,3108,3108,3108,3108,3108,3108,3109,3138,3141,3140,3140,3141,3141,3141,3141
POP150200D Male population 2000 (complete count),Pearson Correlation,1.000**,1.000**,-.156**,-.054**,-.138**,-.194**,-.185**,.031,-.020,.066**,-.002,.084**,.053**,-.179**,-.181**,-.183**,-.189**,-.186**,.944**,-.050**,.784**,.103**,.105**,-.039*,.973**,.972**,.669**,.991**,.969**,.737**,.816**,.341**,.966**,.788**,.857**,.316**,.263**,-.107**,.021,.982**,.985**,.991**,-.150**,-.166**,-.195**,-.126**,.125**,.069**,.053**,.004,-.139**,.353**,.337**,.998**,1,.999**,.972**,.782**,.969**,.915**
,Sig. (2-tailed),0.000,0.000,.000,.003,.000,.000,.000,.087,.271,.000,.911,.000,.003,.000,.000,.000,.000,.000,0.000,.005,0.000,.000,.000,.031,0.000,0.000,0.000,0.000,0.000,0.000,0.000,.000,0.000,0.000,0.000,.000,.000,.000,.230,0.000,0.000,0.000,.000,.000,.000,.000,.000,.000,.003,.830,.000,.000,.000,0.000,,0.000,0.000,0.000,0.000,0.000
,N,3139,3139,3140,3136,3136,3136,3106,3107,3099,3107,3107,3107,3107,3106,3106,3106,3106,3106,3140,3138,3140,3140,3136,3136,3136,3136,3108,3140,3140,3140,3140,3138,3140,3140,3140,3140,3138,3138,3140,3136,3136,3136,3136,3136,3136,3108,3108,3108,3108,3108,3108,3109,3138,3140,3140,3140,3140,3140,3140,3140
POP160200D Female population 2000 (complete count),Pearson Correlation,1.000**,1.000**,-.153**,-.050**,-.134**,-.192**,-.182**,.029,-.019,.065**,.003,.081**,.056**,-.176**,-.178**,-.181**,-.187**,-.183**,.948**,-.050**,.787**,.102**,.106**,-.038*,.978**,.977**,.674**,.991**,.976**,.751**,.809**,.341**,.969**,.803**,.853**,.317**,.261**,-.105**,.019,.985**,.988**,.992**,-.145**,-.162**,-.193**,-.125**,.125**,.069**,.052**,.005,-.139**,.355**,.353**,.998**,.999**,1,.972**,.797**,.974**,.920**
,Sig. (2-tailed),0.000,0.000,.000,.005,.000,.000,.000,.106,.299,.000,.849,.000,.002,.000,.000,.000,.000,.000,0.000,.005,0.000,.000,.000,.031,0.000,0.000,0.000,0.000,0.000,0.000,0.000,.000,0.000,0.000,0.000,.000,.000,.000,.293,0.000,0.000,0.000,.000,.000,.000,.000,.000,.000,.004,.781,.000,.000,.000,0.000,0.000,,0.000,0.000,0.000,0.000
,N,3139,3139,3140,3136,3136,3136,3106,3107,3099,3107,3107,3107,3107,3106,3106,3106,3106,3106,3140,3138,3140,3140,3136,3136,3136,3136,3108,3140,3140,3140,3140,3138,3140,3140,3140,3140,3138,3138,3140,3136,3136,3136,3136,3136,3136,3108,3108,3108,3108,3108,3108,3109,3138,3140,3140,3140,3140,3140,3140,3140
POP220200D Population of one race - White alone 2000 (complete count),Pearson Correlation,.972**,.973**,-.158**,-.083**,-.176**,-.233**,-.199**,.007,-.035,.053**,.015,.058**,.055**,-.191**,-.194**,-.198**,-.205**,-.201**,.968**,-.086**,.704**,.155**,.123**,-.044*,.970**,.969**,.735**,.940**,.918**,.676**,.758**,.375**,.905**,.708**,.756**,.389**,.333**,-.166**,.017,.966**,.960**,.972**,-.185**,-.206**,-.233**,-.101**,.137**,.042*,.094**,.038*,-.159**,.422**,.296**,.966**,.972**,.972**,1,.710**,.974**,.827**
,Sig. (2-tailed),0.000,0.000,.000,.000,.000,.000,.000,.683,.055,.003,.416,.001,.002,.000,.000,.000,.000,.000,0.000,.000,0.000,.000,.000,.014,0.000,0.000,0.000,0.000,0.000,0.000,0.000,.000,0.000,0.000,0.000,.000,.000,.000,.341,0.000,0.000,0.000,.000,.000,.000,.000,.000,.020,.000,.032,.000,.000,.000,0.000,0.000,0.000,,0.000,0.000,0.000
,N,3140,3140,3140,3137,3137,3137,3107,3107,3099,3107,3107,3107,3107,3107,3107,3107,3107,3107,3141,3139,3141,3140,3136,3136,3136,3136,3108,3141,3141,3141,3141,3138,3141,3141,3141,3140,3138,3138,3140,3137,3137,3137,3137,3137,3137,3108,3108,3108,3108,3108,3108,3109,3138,3141,3140,3140,3141,3141,3141,3141
POP250200D Population of one race - Black or African American alone 2000 (complete count),Pearson Correlation,.790**,.789**,-.142**,.079**,-.006,-.046*,-.102**,.067**,.055**,.098**,.074**,.064**,.093**,-.099**,-.100**,-.102**,-.103**,-.101**,.755**,-.007,.717**,.018,.085**,-.042*,.792**,.789**,.592**,.802**,.891**,.970**,.550**,.198**,.812**,.979**,.623**,.186**,.112**,.003,-.012,.841**,.838**,.817**,-.006,-.030,-.046**,-.145**,.081**,.117**,-.005,-.032,-.058**,.226**,.454**,.796**,.782**,.797**,.710**,1,.792**,.802**
,Sig. (2-tailed),0.000,0.000,.000,.000,.718,.011,.000,.000,.002,.000,.000,.000,.000,.000,.000,.000,.000,.000,0.000,.682,0.000,.308,.000,.017,0.000,0.000,.000,0.000,0.000,0.000,.000,.000,0.000,0.000,0.000,.000,.000,.879,.504,0.000,0.000,0.000,.728,.089,.010,.000,.000,.000,.796,.075,.001,.000,.000,0.000,0.000,0.000,0.000,,0.000,0.000
,N,3140,3140,3140,3137,3137,3137,3107,3107,3099,3107,3107,3107,3107,3107,3107,3107,3107,3107,3141,3139,3141,3140,3136,3136,3136,3136,3108,3141,3141,3141,3141,3138,3141,3141,3141,3140,3138,3138,3140,3137,3137,3137,3137,3137,3137,3108,3108,3108,3108,3108,3108,3109,3138,3141,3140,3140,3141,3141,3141,3141
SPR010200D Social security - benefit recipients (Dec.) 2000,Pearson Correlation,.972**,.972**,-.118**,-.045*,-.134**,-.197**,-.153**,.025,-.019,.076**,.034,.066**,.057**,-.146**,-.149**,-.152**,-.159**,-.155**,.965**,-.052**,.732**,.114**,.117**,-.041*,.998**,.998**,.736**,.951**,.954**,.757**,.738**,.347**,.923**,.785**,.761**,.341**,.260**,-.120**,.014,.985**,.977**,.975**,-.124**,-.157**,-.199**,-.110**,.127**,.042*,.070**,.019,-.151**,.380**,.357**,.967**,.969**,.974**,.974**,.792**,1,.875**
,Sig. (2-tailed),0.000,0.000,.000,.012,.000,.000,.000,.156,.292,.000,.060,.000,.001,.000,.000,.000,.000,.000,0.000,.003,0.000,.000,.000,.021,0.000,0.000,0.000,0.000,0.000,0.000,0.000,.000,0.000,0.000,0.000,.000,.000,.000,.433,0.000,0.000,0.000,.000,.000,.000,.000,.000,.020,.000,.286,.000,.000,.000,0.000,0.000,0.000,0.000,0.000,,0.000
,N,3140,3140,3140,3137,3137,3137,3107,3107,3099,3107,3107,3107,3107,3107,3107,3107,3107,3107,3141,3139,3141,3140,3136,3136,3136,3136,3108,3141,3141,3141,3141,3138,3141,3141,3141,3140,3138,3138,3140,3137,3137,3137,3137,3137,3137,3108,3108,3108,3108,3108,3108,3109,3138,3141,3140,3140,3141,3141,3141,3141
SPR410200D Supplemental security income recipients (Dec.) 2000,Pearson Correlation,.918**,.918**,-.127**,.011,-.044*,-.105**,-.105**,.043*,-.006,.069**,.002,.087**,.063**,-.102**,-.103**,-.105**,-.108**,-.105**,.802**,.033,.857**,-.009,.071**,-.034,.893**,.892**,.510**,.945**,.950**,.726**,.823**,.254**,.954**,.832**,.917**,.154**,.094**,.017,.018,.898**,.916**,.899**,-.059**,-.063**,-.108**,-.130**,.082**,.065**,-.017,-.047**,-.087**,.200**,.443**,.921**,.915**,.920**,.827**,.802**,.875**,1
,Sig. (2-tailed),0.000,0.000,.000,.533,.014,.000,.000,.016,.718,.000,.894,.000,.000,.000,.000,.000,.000,.000,0.000,.066,0.000,.614,.000,.055,0.000,0.000,.000,0.000,0.000,0.000,0.000,.000,0.000,0.000,0.000,.000,.000,.347,.323,0.000,0.000,0.000,.001,.000,.000,.000,.000,.000,.337,.008,.000,.000,.000,0.000,0.000,0.000,0.000,0.000,0.000,
,N,3140,3140,3140,3137,3137,3137,3107,3107,3099,3107,3107,3107,3107,3107,3107,3107,3107,3107,3141,3139,3141,3140,3136,3136,3136,3136,3108,3141,3141,3141,3141,3138,3141,3141,3141,3140,3138,3138,3140,3137,3137,3137,3137,3137,3137,3108,3108,3108,3108,3108,3108,3109,3138,3141,3140,3140,3141,3141,3141,3141
**. Correlation is significant at the 0.01 level (2-tailed).,,,,,,,,,,,,,,,,,,,,,,,,,,,,,,,,,,,,,,,,,,,,,,,,,,,,,,,,,,,,,
*. Correlation is significant at the 0.05 level (2-tailed).,,,,,,,,,,,,,,,,,,,,,,,,,,,,,,,,,,,,,,,,,,,,,,,,,,,,,,,,,,,,,
,,,,,,,,,,,,,,,,,,,,,,,,,,,,,,,,,,,,,,,,,,,,,,,,,,,,,,,,,,,,,
SET SUMMARY=None TOLERANCE=1 CELLSBREAK=10000 TABLERENDER=light ROWSBREAK=100 TLook=None TFit=Both.,,,,,,,,,,,,,,,,,,,,,,,,,,,,,,,,,,,,,,,,,,,,,,,,,,,,,,,,,,,,,
,,,,,,,,,,,,,,,,,,,,,,,,,,,,,,,,,,,,,,,,,,,,,,,,,,,,,,,,,,,,,
Your license renewal date has passed. This product will stop working if a new license is not installed soon.,,,,,,,,,,,,,,,,,,,,,,,,,,,,,,,,,,,,,,,,,,,,,,,,,,,,,,,,,,,,,
